,_id,ltable_ID,rtable_ID,ltable_Title,ltable_Artist,ltable_Genre,rtable_Title,rtable_Artist,rtable_Genre,Match
80,80,169,2,reputation [CD],Taylor Swift,Pop,reputation,Taylor Swift,"Pop,Adult Contemporary,Pop/Rock,Dance-Pop,Teen Pop",1
81,81,912,2,reputation [Picture Disc] [2 LP] [LP] - VINYL,Taylor Swift,Pop,reputation,Taylor Swift,"Pop,Adult Contemporary,Pop/Rock,Dance-Pop,Teen Pop",1
88,88,516,5,Unapologetically [CD],Kelsea Ballerini,Country,Unapologetically,Kelsea Ballerini,"Pop,Country,Pop/Rock,Contemporary Country,Country-Pop",1
135,135,2304,8, The Neighbourhood [CD],The Neighbourhood,Electronic/Dance,The Neighbourhood,The Neighbourhood,"Pop,Electronic,Pop/Rock,Contemporary Pop/Rock,Left-Field Pop,Synthwave",1
155,155,1318,10,Thank You [CD],Meghan Trainor,Pop,Thank You,Meghan Trainor,"Pop,Pop/Rock,Dance-Pop,Teen Pop,Contemporary Pop/Rock",1
167,167,2188,10,Thank You [Deluxe Edition] [CD],Meghan Trainor,Pop,Thank You,Meghan Trainor,"Pop,Pop/Rock,Dance-Pop,Teen Pop,Contemporary Pop/Rock",1
306,306,2696,18,Mad Love [CD] [PA],JoJo,Pop,Mad Love,JoJo,"Pop,Pop/Rock,Dance-Pop",1
330,330,4357,18,Mad Love [CD],JoJo,Pop,Mad Love,JoJo,"Pop,Pop/Rock,Dance-Pop",1
347,347,3686,22,So Good [CD] [PA],Zara Larsson,Electronic/Dance,So Good,Zara Larsson,"Pop,Electronic,Pop/Rock,Dance-Pop",1
609,609,733,31,Revival [CD],Selena Gomez,Pop,Revival,Selena Gomez,"Pop,Pop/Rock,Dance-Pop,Club/Dance",1
652,652,3782,36,Sounds Good Feels Good [CD],5 Seconds of Summer,Pop,Sounds Good Feels Good,5 Seconds of Summer,"Pop,Pop/Rock,Teen Pop,Punk-Pop",1
670,670,274,37,A Fever You Can't Sweat Out [CD],Panic! At the Disco,Pop,Wiped Out!,The Neighbourhood,"Pop,Pop/Rock,Alternative/Indie Rock,Contemporary Pop/Rock,Left-Field Pop",0
686,686,3694,37,Fever You Can't Sweat Out [LP] - VINYL,Panic! At the Disco,Pop,Wiped Out!,The Neighbourhood,"Pop,Pop/Rock,Alternative/Indie Rock,Contemporary Pop/Rock,Left-Field Pop",0
692,692,1316,38,Purpose [CD],Justin Bieber,Pop,Purpose,Justin Bieber,"Pop,Pop/Rock,Dance-Pop",1
694,694,3351,38,Purpose [LP] - VINYL,Justin Bieber,Pop,Purpose,Justin Bieber,"Pop,Pop/Rock,Dance-Pop",1
743,743,2057,44,This Is Acting [Deluxe Edition] [CD],Sia,Pop,This Is Acting,Sia,"Pop,Pop/Rock,Adult Alternative Pop/Rock,Alternative/Indie Rock,Alternative Singer/Songwriter,Left-Field Pop",0
744,744,3250,44,This Is Acting [CD],Sia,Pop,This Is Acting,Sia,"Pop,Pop/Rock,Adult Alternative Pop/Rock,Alternative/Indie Rock,Alternative Singer/Songwriter,Left-Field Pop",1
1578,1578,1295,48,Lukas Graham [CD],Lukas Graham,Pop,Lukas Graham,Lukas Graham,"Pop,Pop/Rock,Adult Alternative Pop/Rock,Alternative/Indie Rock,Contemporary Pop/Rock",1
2566,2566,1124,65,The Resistance [Deluxe Edition] [CD],Crown the Empire,Pop,The Velvet Underground [45th Anniversary Super Deluxe Edition],The Velvet Underground,Pop,0
2574,2574,1543,65,Sticky Fingers [Deluxe Edition] [CD],The Rolling Stones,Pop,The Velvet Underground [45th Anniversary Super Deluxe Edition],The Velvet Underground,Pop,0
2580,2580,1850,65,Pure [Deluxe Remastered Reissue] [LP] - VINYL,The Jesus Lizard,Pop,The Velvet Underground [45th Anniversary Super Deluxe Edition],The Velvet Underground,Pop,0
2602,2602,3276,65,Sgt. Pepper's Lonely Hearts Club Band [50th Anniversary Edition Deluxe Version] [CD & DVD],The Beatles,Pop,The Velvet Underground [45th Anniversary Super Deluxe Edition],The Velvet Underground,Pop,0
2605,2605,3291,65,Sports! [30th Anniversary Deluxe Edition] [CD],Huey Lewis & the News,Pop,The Velvet Underground [45th Anniversary Super Deluxe Edition],The Velvet Underground,Pop,0
2609,2609,3458,65,Special Beat Service [Deluxe Edition] [CD & DVD],The English Beat,Pop,The Velvet Underground [45th Anniversary Super Deluxe Edition],The Velvet Underground,Pop,0
2616,2616,3945,65,Strange Days [Deluxe Edition] [CD],The Doors,Pop,The Velvet Underground [45th Anniversary Super Deluxe Edition],The Velvet Underground,Pop,0
2634,2634,239,65,Doors [50th Anniversary Remastered Edition] [1CD] [CD],The Doors,Pop,The Velvet Underground [45th Anniversary Super Deluxe Edition],The Velvet Underground,Pop,0
2635,2635,246,65,Sgt. Pepper's Lonely Hearts Club Band [50th Anniversary Edition] [LP] - VINYL,The Beatles,Pop,The Velvet Underground [45th Anniversary Super Deluxe Edition],The Velvet Underground,Pop,0
2637,2637,259,65,Heartbeat City [Expanded Edition] [CD],The Cars,Pop,The Velvet Underground [45th Anniversary Super Deluxe Edition],The Velvet Underground,Pop,0
2638,2638,428,65,Sgt. Pepper's Lonely Hearts Club Band [50th Anniversary Edition 2 CD] [CD],The Beatles,Pop,The Velvet Underground [45th Anniversary Super Deluxe Edition],The Velvet Underground,Pop,0
2640,2640,507,65,Abbey Road [Limited Edition] [2009 Remaster] [Enhanced CD],The Beatles,Pop,The Velvet Underground [45th Anniversary Super Deluxe Edition],The Velvet Underground,Pop,0
2641,2641,512,65,Sgt. Pepper's Lonely Hearts Club Band [50th Anniversary Edition] [CD],The Beatles,Pop,The Velvet Underground [45th Anniversary Super Deluxe Edition],The Velvet Underground,Pop,0
2670,2670,2523,65,Pet Sounds [50th Anniversary Stereo Edition] [LP] - VINYL,The Beach Boys,Pop,The Velvet Underground [45th Anniversary Super Deluxe Edition],The Velvet Underground,Pop,0
2675,2675,2776,65,Documentary 2/2.5  [Collector's Edition] [CD] [PA],The Game,Pop,The Velvet Underground [45th Anniversary Super Deluxe Edition],The Velvet Underground,Pop,0
2676,2676,2878,65,Shake It Up [Expanded Edition] [CD],The Cars,Pop,The Velvet Underground [45th Anniversary Super Deluxe Edition],The Velvet Underground,Pop,0
2687,2687,3687,65,Rage Against the Machine XX [20th Anniversary Edition] [CD] [PA],Rage Against the Machine,Pop,The Velvet Underground [45th Anniversary Super Deluxe Edition],The Velvet Underground,Pop,0
2720,2720,4124,65,Super Hits [CD],Gary Puckett & the Union Gap,Pop,The Velvet Underground [45th Anniversary Super Deluxe Edition],The Velvet Underground,Pop,0
2952,2952,312,73,"Guardians of the Galaxy: Awesome Mix, Vol. 1 [Enhanced CD]",Various Artists,Pop,PC Music Volume 1,Various Artists,"Pop,Electronic",0
2972,2972,1012,73,"Frikyiwa Collection, Vol. 1 [CD]",Various Artists,Electronic/Dance,PC Music Volume 1,Various Artists,"Pop,Electronic",0
3009,3009,3659,73,Wake Up You! Vol. 1 : The Rise & Fall of Nigerian Rock Music 1972-1977 [CD],Various Artists,Pop,PC Music Volume 1,Various Artists,"Pop,Electronic",0
3035,3035,424,73,Now That's What I Call Music! 64 [CD],Various Artists,Pop,PC Music Volume 1,Various Artists,"Pop,Electronic",0
3043,3043,626,73,Now That's What I Call Music! 62 [CD],Various Artists,Electronic/Dance,PC Music Volume 1,Various Artists,"Pop,Electronic",0
3047,3047,790,73,Now That's What I Call Music! 63 [CD],Various Artists,Pop,PC Music Volume 1,Various Artists,"Pop,Electronic",0
3059,3059,1020,73,Now That's What I Call Music! 61 [CD],Various Artists,Pop,PC Music Volume 1,Various Artists,"Pop,Electronic",0
3061,3061,1067,73,Now That's What I Call Music! 59 [CD],Various Artists,Pop,PC Music Volume 1,Various Artists,"Pop,Electronic",0
3062,3062,1113,73,Now That's What I Call Music! 60 [Deluxe Edition] [CD],Various Artists,Pop,PC Music Volume 1,Various Artists,"Pop,Electronic",0
3065,3065,1164,73,Now That's What I Call Music! 60 [CD],Various Artists,Pop,PC Music Volume 1,Various Artists,"Pop,Electronic",0
3112,3112,2768,73,Now That's What I Call Music! 57 [CD],Various Artists,Pop,PC Music Volume 1,Various Artists,"Pop,Electronic",0
3116,3116,2918,73,Now That's What I Call Music! 55 [CD],Various Artists,Pop,PC Music Volume 1,Various Artists,"Pop,Electronic",0
3153,3153,4313,73,Now That's What I Call Music! 58 [16-Track CD] [CD],Various Artists,Pop,PC Music Volume 1,Various Artists,"Pop,Electronic",0
3218,3218,413,77,Blurryface [LP] - VINYL,Twenty One Pilots,Pop,Blurryface,Twenty One Pilots,"Pop,Rap,Pop/Rock,Alternative/Indie Rock,Alternative Pop/Rock,Indie Rock,Underground Rap",1
3219,3219,713,77,Blurryface [CD],Twenty One Pilots,Pop,Blurryface,Twenty One Pilots,"Pop,Rap,Pop/Rock,Alternative/Indie Rock,Alternative Pop/Rock,Indie Rock,Underground Rap",1
3348,3348,3246,82,Love Songs [CD],Elton John,Pop,Love in the Future,John Legend,"Pop,R&B,Soul,Urban,Pop/Rock,Contemporary Pop/Rock,Neo-Soul,Adult Contemporary R&B,Contemporary R&B",0
3379,3379,1028,86,Pure Heroine [CD],Lorde,Pop,Pure Heroine,Lorde,"Pop,Pop/Rock",1
3380,3380,1108,86,Pure Heroine [LP] - VINYL,Lorde,Pop,Pure Heroine,Lorde,"Pop,Pop/Rock",1
3567,3567,2771,100,Goodbye Yellow Brick Road [LP] - VINYL,Elton John,Pop,Goodbye Yellow Brick Road [40th Anniversary Edition],Elton John,Pop,1
3569,3569,3117,100,The Long Road Home: The Ultimate John Fogerty/Creedence Collection [CD] [PA],John Fogerty,Pop,Goodbye Yellow Brick Road [40th Anniversary Edition],Elton John,Pop,0
3571,3571,3843,100,Goodbye Yellow Brick Road [CD],Elton John,Pop,Goodbye Yellow Brick Road [40th Anniversary Edition],Elton John,Pop,1
3797,3797,688,102,In the Lonely Hour [CD],Sam Smith,Pop,In the Lonely Hour,Sam Smith,"Pop,Adult Contemporary,Pop/Rock,Contemporary R&B,Left-Field Pop",1
3800,3800,3358,102,In the Lonely Hour [Drowning Shadows Edition] [LP] - VINYL,Sam Smith,Pop,In the Lonely Hour,Sam Smith,"Pop,Adult Contemporary,Pop/Rock,Contemporary R&B,Left-Field Pop",1
3867,3867,701,107,x [CD],Ed Sheeran,Pop,X,Ed Sheeran,"Pop,Singer/Songwriter,Pop/Rock,Adult Alternative Pop/Rock,Alternative/Indie Rock,Contemporary Singer/Songwriter,Alternative Singer/Songwriter",1
3868,3868,718,107,x [Wembley Edition] [Deluxe Edition] [CD & DVD],Ed Sheeran,Pop,X,Ed Sheeran,"Pop,Singer/Songwriter,Pop/Rock,Adult Alternative Pop/Rock,Alternative/Indie Rock,Contemporary Singer/Songwriter,Alternative Singer/Songwriter",1
3870,3870,2002,107,x [2-LP] [LP] - VINYL,Ed Sheeran,Pop,X,Ed Sheeran,"Pop,Singer/Songwriter,Pop/Rock,Adult Alternative Pop/Rock,Alternative/Indie Rock,Contemporary Singer/Songwriter,Alternative Singer/Songwriter",1
4665,4665,244,118,Unorthodox Jukebox [CD] [PA],Bruno Mars,Pop,Unorthodox Jukebox,Bruno Mars,"Pop,R&B,Pop/Rock",1
4666,4666,4147,118,Unorthodox Jukebox [Clean] [CD],Bruno Mars,Pop,Unorthodox Jukebox,Bruno Mars,"Pop,R&B,Pop/Rock",1
4673,4673,1221,119,Native [Bonus Tracks] [2014] [CD],OneRepublic,Pop,Native,OneRepublic,"Pop,Pop/Rock,Alternative/Indie Rock,Alternative Pop/Rock,Contemporary Pop/Rock",1
4696,4696,424,122,Now That's What I Call Music! 64 [CD],Various Artists,Pop,The Great Gatsby [Music from Baz Luhrmann's Film],Various Artists,"Pop,Rap,Avant-Garde,Pop/Rock,Adult Alternative Pop/Rock,Alternative Pop/Rock,Contemporary Pop/Rock,Soundtracks,Stage & Screen,Pop-Rap",0
4708,4708,790,122,Now That's What I Call Music! 63 [CD],Various Artists,Pop,The Great Gatsby [Music from Baz Luhrmann's Film],Various Artists,"Pop,Rap,Avant-Garde,Pop/Rock,Adult Alternative Pop/Rock,Alternative Pop/Rock,Contemporary Pop/Rock,Soundtracks,Stage & Screen,Pop-Rap",0
4720,4720,1020,122,Now That's What I Call Music! 61 [CD],Various Artists,Pop,The Great Gatsby [Music from Baz Luhrmann's Film],Various Artists,"Pop,Rap,Avant-Garde,Pop/Rock,Adult Alternative Pop/Rock,Alternative Pop/Rock,Contemporary Pop/Rock,Soundtracks,Stage & Screen,Pop-Rap",0
4722,4722,1067,122,Now That's What I Call Music! 59 [CD],Various Artists,Pop,The Great Gatsby [Music from Baz Luhrmann's Film],Various Artists,"Pop,Rap,Avant-Garde,Pop/Rock,Adult Alternative Pop/Rock,Alternative Pop/Rock,Contemporary Pop/Rock,Soundtracks,Stage & Screen,Pop-Rap",0
4723,4723,1113,122,Now That's What I Call Music! 60 [Deluxe Edition] [CD],Various Artists,Pop,The Great Gatsby [Music from Baz Luhrmann's Film],Various Artists,"Pop,Rap,Avant-Garde,Pop/Rock,Adult Alternative Pop/Rock,Alternative Pop/Rock,Contemporary Pop/Rock,Soundtracks,Stage & Screen,Pop-Rap",0
4724,4724,1114,122,Stranger Things [Music From the Netflix Original Series] [LP] - VINYL,Various Artists,Soundtracks & Shows,The Great Gatsby [Music from Baz Luhrmann's Film],Various Artists,"Pop,Rap,Avant-Garde,Pop/Rock,Adult Alternative Pop/Rock,Alternative Pop/Rock,Contemporary Pop/Rock,Soundtracks,Stage & Screen,Pop-Rap",0
4726,4726,1164,122,Now That's What I Call Music! 60 [CD],Various Artists,Pop,The Great Gatsby [Music from Baz Luhrmann's Film],Various Artists,"Pop,Rap,Avant-Garde,Pop/Rock,Adult Alternative Pop/Rock,Alternative Pop/Rock,Contemporary Pop/Rock,Soundtracks,Stage & Screen,Pop-Rap",0
4762,4762,2374,122,"The Microcosm: Visionary Music of Continental Europe, 1970-1986 [CD]",Various Artists,Avant-Garde,The Great Gatsby [Music from Baz Luhrmann's Film],Various Artists,"Pop,Rap,Avant-Garde,Pop/Rock,Adult Alternative Pop/Rock,Alternative Pop/Rock,Contemporary Pop/Rock,Soundtracks,Stage & Screen,Pop-Rap",0
4773,4773,2768,122,Now That's What I Call Music! 57 [CD],Various Artists,Pop,The Great Gatsby [Music from Baz Luhrmann's Film],Various Artists,"Pop,Rap,Avant-Garde,Pop/Rock,Adult Alternative Pop/Rock,Alternative Pop/Rock,Contemporary Pop/Rock,Soundtracks,Stage & Screen,Pop-Rap",0
4777,4777,2918,122,Now That's What I Call Music! 55 [CD],Various Artists,Pop,The Great Gatsby [Music from Baz Luhrmann's Film],Various Artists,"Pop,Rap,Avant-Garde,Pop/Rock,Adult Alternative Pop/Rock,Alternative Pop/Rock,Contemporary Pop/Rock,Soundtracks,Stage & Screen,Pop-Rap",0
4801,4801,3659,122,Wake Up You! Vol. 1 : The Rise & Fall of Nigerian Rock Music 1972-1977 [CD],Various Artists,Pop,The Great Gatsby [Music from Baz Luhrmann's Film],Various Artists,"Pop,Rap,Avant-Garde,Pop/Rock,Adult Alternative Pop/Rock,Alternative Pop/Rock,Contemporary Pop/Rock,Soundtracks,Stage & Screen,Pop-Rap",0
4818,4818,4313,122,Now That's What I Call Music! 58 [16-Track CD] [CD],Various Artists,Pop,The Great Gatsby [Music from Baz Luhrmann's Film],Various Artists,"Pop,Rap,Avant-Garde,Pop/Rock,Adult Alternative Pop/Rock,Alternative Pop/Rock,Contemporary Pop/Rock,Soundtracks,Stage & Screen,Pop-Rap",0
4851,4851,4122,128,Wings Over America [Best Buy Exclusive] [CD],Paul McCartney,Pop,Wings Over America [Deluxe Edition],Paul McCartney & Wings,Pop,1
4853,4853,3382,128,Wings at the Speed of Sound [Bonus Tracks] [CD],Paul McCartney,Pop,Wings Over America [Deluxe Edition],Paul McCartney & Wings,Pop,0
4958,4958,4189,128,Over the Bridge of Time: A Paul Simon Retrospective (1964-2011) [CD],Paul Simon,Pop,Wings Over America [Deluxe Edition],Paul McCartney & Wings,Pop,0
4991,4991,2063,128,Graceland [25th Anniversary Edition] [LP] - VINYL,Paul Simon,Pop,Wings Over America [Deluxe Edition],Paul McCartney & Wings,Pop,0
5312,5312,2926,140,Dance Again...The Hits [CD],Jennifer Lopez,Pop,Dance Again...The Hits,Jennifer Lopez,"Pop,R&B",1
5514,5514,2836,147,Blown Away [CD],Carrie Underwood,Country,Blown Away,Carrie Underwood,"Pop,Country,Adult Contemporary,Pop/Rock,Pop Idol,Contemporary Country",1
5597,5597,2933,153,One Night Only: The Greatest Hits [LP] - VINYL,Elton John,Pop,Good Morning to the Night,Elton John vs Pnau,"Pop,Electronic,Pop/Rock,Club/Dance",0
5621,5621,439,155,The  Truth About Love [CD] [PA],P!nk,Pop,The  Truth About Love,P!nk,"Pop,Pop/Rock,Dance-Pop,Contemporary Pop/Rock",1
5623,5623,2303,155,Truth About Love [LP] [PA],P!nk,Pop,The  Truth About Love,P!nk,"Pop,Pop/Rock,Dance-Pop,Contemporary Pop/Rock",1
5686,5686,1930,155,What About Us [CD],P!nk,Pop,The  Truth About Love,P!nk,"Pop,Pop/Rock,Dance-Pop,Contemporary Pop/Rock",0
5765,5765,2277,160,Red [CD],Taylor Swift,Country,Red,Taylor Swift,"Pop,Country,Pop/Rock,Teen Pop,Contemporary Country,Country-Pop",1
5766,5766,2298,160,Red [LP] - VINYL,Taylor Swift,Country,Red,Taylor Swift,"Pop,Country,Pop/Rock,Teen Pop,Contemporary Country,Country-Pop",1
5897,5897,3046,171,Science & Faith [Bonus Tracks] [CD],The Script,Pop,Science & Faith,The Script,"Pop,Pop/Rock,Adult Alternative Pop/Rock,Alternative/Indie Rock,Alternative Pop/Rock",1
5936,5936,174,174,The Essential Michael Jackson [CD],Michael Jackson,R&B Soul,Michael,Michael Jackson,"Pop,R&B,Pop/Rock,Dance-Pop,Adult Contemporary R&B,Contemporary R&B",0
5938,5938,822,174,Ladies & Gentlemen: The Best of George Michael [CD],George Michael,R&B Soul,Michael,Michael Jackson,"Pop,R&B,Pop/Rock,Dance-Pop,Adult Contemporary R&B,Contemporary R&B",0
6057,6057,4193,179,Who You Are [Platinum Edition] [CD],Jessie J,Pop,Who You Are,Jessie J,"Pop,Singer/Songwriter,Pop/Rock",1
6254,6254,214,187,Just Dance [Remix] [CD],Lady Gaga,Pop,Born This Way: The Remix,Lady Gaga,"Pop,R&B,Urban,Pop/Rock,Dance-Pop",0
7212,7212,3121,199,Beatles: Stereo Box Set [180 Gram Vinyl] [Reissue] [LP] - VINYL,The Beatles,Pop,Made in California [Box Set],The Beach Boys,"Pop,Pop/Rock,Contemporary Pop/Rock,AM Pop,Early Pop/Rock,Sunshine Pop,Surf",0
7223,7223,4208,199,Elektra Years: 1978-1987 [Six-LP Set of Colored Vinyl] [LP] - VINYL,The Cars,Pop,Made in California [Box Set],The Beach Boys,"Pop,Pop/Rock,Contemporary Pop/Rock,AM Pop,Early Pop/Rock,Sunshine Pop,Surf",0
7312,7312,3848,207,Come on Get Happy: Very Best of Partridge Family [Remastered] [CD],The Partridge Family,Pop,The Family Jewels,Marina and the Diamonds,"Indie,Rock,Pop",0
7390,7390,3293,213,Rokstarr [CD],Taio Cruz,Pop,Rokstarr,Taio Cruz,"Pop,R&B",1
7471,7471,214,219,Just Dance [Remix] [CD],Lady Gaga,Pop,The Remix,Lady Gaga,"Pop,Electronic,R&B,Urban,Pop/Rock,Dance-Pop,Club/Dance",0
7627,7627,4117,222,Speak Now [Deluxe Edition] [CD],Taylor Swift,Country,Speak Now,Taylor Swift,"Pop,Country,Pop/Rock,Contemporary Country",1
7690,7690,2884,224,Hands All Over [Bonus Track] [CD],Maroon 5,Pop,Hands All Over,Maroon 5,"Pop,Pop/Rock,Adult Alternative Pop/Rock,Alternative/Indie Rock,Contemporary Pop/Rock",1
7739,7739,199,225,Loud [CD],Rihanna,R&B Soul,Loud,Rihanna,"Pop,R&B,Dance-Pop,Contemporary R&B",1
7922,7922,880,231,Cryptoriana: The Seductiveness of Decay [CD],Cradle of Filth,Pop,5 Seconds of Summer,5 Seconds of Summer,"Pop,Pop/Rock,Teen Pop,Punk-Pop",0
8070,8070,1929,231,Kee of Hearts [CD],Kee of Hearts,Pop,5 Seconds of Summer,5 Seconds of Summer,"Pop,Pop/Rock,Teen Pop,Punk-Pop",0
8071,8071,1951,231,The  Disfigurement of Existence [CD],Signs of the Swarm,Pop,5 Seconds of Summer,5 Seconds of Summer,"Pop,Pop/Rock,Teen Pop,Punk-Pop",0
8094,8094,2147,231,Blood of My Enemy [CD],Winds of Plague,Pop,5 Seconds of Summer,5 Seconds of Summer,"Pop,Pop/Rock,Teen Pop,Punk-Pop",0
8174,8174,2782,231,Theory of a Deadman [CD] [PA],Theory of a Deadman,Pop,5 Seconds of Summer,5 Seconds of Summer,"Pop,Pop/Rock,Teen Pop,Punk-Pop",0
8300,8300,3736,231,Bestial Hymns of Perversion [CD],Of Feather and Bone,Pop,5 Seconds of Summer,5 Seconds of Summer,"Pop,Pop/Rock,Teen Pop,Punk-Pop",0
8319,8319,3845,231,Temple of the Dog [CD],Temple of the Dog,Pop,5 Seconds of Summer,5 Seconds of Summer,"Pop,Pop/Rock,Teen Pop,Punk-Pop",0
9115,9115,1836,233,Love Deluxe [CD],Sade,R&B Soul,Soldier Of Love,Sade,"Pop,R&B,Soul",0
9125,9125,2917,233,Love Deluxe [LP] - VINYL,Sade,R&B Soul,Soldier Of Love,Sade,"Pop,R&B,Soul",0
9167,9167,3421,234,All Four One [CD],The Motels,Pop,"Fixin' The Charts, Volume One",Everybody Was In The French Resistance...Now,"Rock,Pop",0
9486,9486,2478,243,Back to Front: Live in London [Video] [Blu-Ray Disc],Peter Gabriel,Pop,Scratch My Back,Peter Gabriel,"Rock,Pop",0
9551,9551,326,246,Best of the Mamas & the Papas: 20th Century Masters [CD],The Mamas & the Papas,Pop,"Interpreting The Masters, Volume 1: A Tribute to Daryl Hall And John Oates",The Bird And The Bee,"Rock,Pop",0
9557,9557,1548,246,20th Century Masters - The Millennium Collection: The Best of the Grass Roots [CD],The Grass Roots,Pop,"Interpreting The Masters, Volume 1: A Tribute to Daryl Hall And John Oates",The Bird And The Bee,"Rock,Pop",0
9571,9571,4279,246,20th Century Masters: The Millennium Collection: Best of the Moody Blues [CD],The Moody Blues,Pop,"Interpreting The Masters, Volume 1: A Tribute to Daryl Hall And John Oates",The Bird And The Bee,"Rock,Pop",0
9575,9575,179,246,1 [20-Track]  [CD],The Beatles,Pop,"Interpreting The Masters, Volume 1: A Tribute to Daryl Hall And John Oates",The Bird And The Bee,"Rock,Pop",0
9594,9594,690,246,1 [LP] - VINYL,The Beatles,Pop,"Interpreting The Masters, Volume 1: A Tribute to Daryl Hall And John Oates",The Bird And The Bee,"Rock,Pop",0
9625,9625,2883,246,"Prevail, Vol. 1 [CD]",Kobra and the Lotus,Pop,"Interpreting The Masters, Volume 1: A Tribute to Daryl Hall And John Oates",The Bird And The Bee,"Rock,Pop",0
9639,9639,3763,246,"The Traveling Wilburys, Vol. 1 [CD]",The Traveling Wilburys,Pop,"Interpreting The Masters, Volume 1: A Tribute to Daryl Hall And John Oates",The Bird And The Bee,"Rock,Pop",0
9648,9648,4043,246,1+ [CD/2-Blu-Ray] [CD & Blu-Ray],The Beatles,Pop,"Interpreting The Masters, Volume 1: A Tribute to Daryl Hall And John Oates",The Bird And The Bee,"Rock,Pop",0
10002,10002,1085,261,After Laughter [CD],Paramore,Pop,After Laughter,Paramore,"Pop,Pop/Rock,Alternative/Indie Rock,Emo-Pop,Left-Field Pop",1
10003,10003,3711,261,After Laughter [LP] - VINYL,Paramore,Pop,After Laughter,Paramore,"Pop,Pop/Rock,Alternative/Indie Rock,Emo-Pop,Left-Field Pop",1
10698,10698,271,271,The Fame [Bonus Track] [CD],Lady Gaga,Pop,The Fame Monster,Lady Gaga,"Rock,Dance,Pop",1
10699,10699,1388,271,The Fame [LP] - VINYL,Lady Gaga,Pop,The Fame Monster,Lady Gaga,"Rock,Dance,Pop",1
10700,10700,3379,271,The Fame Monster [Deluxe Edition] [CD],Lady Gaga,Pop,The Fame Monster,Lady Gaga,"Rock,Dance,Pop",1
11710,11710,1632,288,Reality [CD],David Bowie,Pop,A Reality Tour,David Bowie,"Rock,Pop",1
12457,12457,2173,293,I See You [CD],The xx,Pop,Who I Am,Nick Jonas And The Administration,"Rock,Pop",0
12464,12464,2781,293,I Am Human [CD],Escape the Fate,Pop,Who I Am,Nick Jonas And The Administration,"Rock,Pop",0
12475,12475,268,293,Playlist: The Very Best of the Guess Who [CD],The Guess Who,Pop,Who I Am,Nick Jonas And The Administration,"Rock,Pop",0
12478,12478,2574,293,The Who by Numbers [CD],The Who,Pop,Who I Am,Nick Jonas And The Administration,"Rock,Pop",0
12486,12486,36,295,Beautiful Trauma [CD] [PA],P!nk,Pop,Beautiful Trauma,P!nk,"Pop,R&B,Pop/Rock,Dance-Pop,Contemporary Pop/Rock",1
12490,12490,3666,295,Beautiful Trauma [LP] - VINYL,P!nk,Pop,Beautiful Trauma,P!nk,"Pop,R&B,Pop/Rock,Dance-Pop,Contemporary Pop/Rock",1
13125,13125,902,297,Younger Now [CD],Miley Cyrus,Pop,Younger Now,Miley Cyrus,"Pop,Vocal,Pop/Rock",1
14561,14561,3687,311,Rage Against the Machine XX [20th Anniversary Edition] [CD] [PA],Rage Against the Machine,Pop,xx,The xx,"Indie,Rock,Pop",0
14618,14618,4115,312,Love & Hate [CD],Michael Kiwanuka,Pop,Crazy Love,Michael Buble,"Pop,Vocal",0
14656,14656,2939,313,In a World Like This [CD],Backstreet Boys,Pop,This Is Us,Backstreet Boys,"Rock,Dance,Pop",0
14968,14968,424,324,Now That's What I Call Music! 64 [CD],Various Artists,Pop,"Glee: The Music, Volume 1",Various Artists,"Pop,Soundtrack,Vocal",0
14980,14980,790,324,Now That's What I Call Music! 63 [CD],Various Artists,Pop,"Glee: The Music, Volume 1",Various Artists,"Pop,Soundtrack,Vocal",0
14992,14992,1020,324,Now That's What I Call Music! 61 [CD],Various Artists,Pop,"Glee: The Music, Volume 1",Various Artists,"Pop,Soundtrack,Vocal",0
14994,14994,1067,324,Now That's What I Call Music! 59 [CD],Various Artists,Pop,"Glee: The Music, Volume 1",Various Artists,"Pop,Soundtrack,Vocal",0
14995,14995,1113,324,Now That's What I Call Music! 60 [Deluxe Edition] [CD],Various Artists,Pop,"Glee: The Music, Volume 1",Various Artists,"Pop,Soundtrack,Vocal",0
14996,14996,1114,324,Stranger Things [Music From the Netflix Original Series] [LP] - VINYL,Various Artists,Soundtracks & Shows,"Glee: The Music, Volume 1",Various Artists,"Pop,Soundtrack,Vocal",0
14998,14998,1164,324,Now That's What I Call Music! 60 [CD],Various Artists,Pop,"Glee: The Music, Volume 1",Various Artists,"Pop,Soundtrack,Vocal",0
15045,15045,2768,324,Now That's What I Call Music! 57 [CD],Various Artists,Pop,"Glee: The Music, Volume 1",Various Artists,"Pop,Soundtrack,Vocal",0
15049,15049,2918,324,Now That's What I Call Music! 55 [CD],Various Artists,Pop,"Glee: The Music, Volume 1",Various Artists,"Pop,Soundtrack,Vocal",0
15073,15073,3659,324,Wake Up You! Vol. 1 : The Rise & Fall of Nigerian Rock Music 1972-1977 [CD],Various Artists,Pop,"Glee: The Music, Volume 1",Various Artists,"Pop,Soundtrack,Vocal",0
15088,15088,4264,324,Romantic Approach: A Special Collection of 20th Century American Music [CD],Various Artists,Classical,"Glee: The Music, Volume 1",Various Artists,"Pop,Soundtrack,Vocal",0
15090,15090,4313,324,Now That's What I Call Music! 58 [16-Track CD] [CD],Various Artists,Pop,"Glee: The Music, Volume 1",Various Artists,"Pop,Soundtrack,Vocal",0
15099,15099,312,324,"Guardians of the Galaxy: Awesome Mix, Vol. 1 [Enhanced CD]",Various Artists,Pop,"Glee: The Music, Volume 1",Various Artists,"Pop,Soundtrack,Vocal",0
15110,15110,689,324,"Guardians of the Galaxy: Awesome Mix, Vol. 1 [LP] - VINYL",Various Artists,Soundtracks & Shows,"Glee: The Music, Volume 1",Various Artists,"Pop,Soundtrack,Vocal",0
16284,16284,1082,351,The Time of Our Lives [CD],Miley Cyrus,Pop,The Time Of Our Lives [EP],Miley Cyrus,"Rock,Pop",1
17940,17940,258,372,Time Flies: The Best of Huey Lewis & the News [CD],Huey Lewis & the News,Pop,The Duckworth Lewis Method,The Duckworth Lewis Method,"Rock,Pop",0
18063,18063,784,381,Siamese Dream [LP] - VINYL,The Smashing Pumpkins,Pop,Walking On A Dream,Empire of the Sun,"Pop,Electronic",0
18436,18436,221,396,Sounds of Summer: The Very Best of the Beach Boys [CD],The Beach Boys,Pop,Law Of The Playground,The Boy Least Likely To,"Indie,Rock,Pop",0
18440,18440,241,396,The Punishment of Luxury [CD],Orchestral Manoeuvres in the Dark,Pop,Law Of The Playground,The Boy Least Likely To,"Indie,Rock,Pop",0
18446,18446,258,396,Time Flies: The Best of Huey Lewis & the News [CD],Huey Lewis & the News,Pop,Law Of The Playground,The Boy Least Likely To,"Indie,Rock,Pop",0
18447,18447,268,396,Playlist: The Very Best of the Guess Who [CD],The Guess Who,Pop,Law Of The Playground,The Boy Least Likely To,"Indie,Rock,Pop",0
18456,18456,326,396,Best of the Mamas & the Papas: 20th Century Masters [CD],The Mamas & the Papas,Pop,Law Of The Playground,The Boy Least Likely To,"Indie,Rock,Pop",0
18460,18460,343,396,The Very Best of the Rolling Stones 1964-1971 [CD],The Rolling Stones,Pop,Law Of The Playground,The Boy Least Likely To,"Indie,Rock,Pop",0
18475,18475,429,396,The Battle of Los Angeles [CD] [PA],Rage Against the Machine,Pop,Law Of The Playground,The Boy Least Likely To,"Indie,Rock,Pop",0
18507,18507,600,396,Death of a Bachelor [LP] - VINYL,Panic! At the Disco,Pop,Law Of The Playground,The Boy Least Likely To,"Indie,Rock,Pop",0
18527,18527,710,396,Moving in Stereo: The Best of the Cars [LP] - VINYL,The Cars,Pop,Law Of The Playground,The Boy Least Likely To,"Indie,Rock,Pop",0
18610,18610,1305,396,Best of the Knack [CD],The Knack,Pop,Law Of The Playground,The Boy Least Likely To,"Indie,Rock,Pop",0
18622,18622,1380,396,Moving in Stereo: The Best of the Cars [CD],The Cars,Pop,Law Of The Playground,The Boy Least Likely To,"Indie,Rock,Pop",0
18639,18639,1546,396,Days of Future Passed: Live [CD],The Moody Blues,Pop,Law Of The Playground,The Boy Least Likely To,"Indie,Rock,Pop",0
18640,18640,1548,396,20th Century Masters - The Millennium Collection: The Best of the Grass Roots [CD],The Grass Roots,Pop,Law Of The Playground,The Boy Least Likely To,"Indie,Rock,Pop",0
18660,18660,1675,396,Big Innings: The Best of the Outfield [CD],The Outfield,Pop,Law Of The Playground,The Boy Least Likely To,"Indie,Rock,Pop",0
18661,18661,1676,396,The Very Best of the Rascals [Rhino] [CD],The Rascals,Pop,Law Of The Playground,The Boy Least Likely To,"Indie,Rock,Pop",0
18674,18674,1720,396,Best of OMD [UK Bonus Tracks] [CD],Orchestral Manoeuvres in the Dark,Pop,Law Of The Playground,The Boy Least Likely To,"Indie,Rock,Pop",0
18675,18675,1722,396,The Very Best of Tommy James & the Shondells [CD],Tommy James & the Shondells,Pop,Law Of The Playground,The Boy Least Likely To,"Indie,Rock,Pop",0
18676,18676,1738,396,The Very Best of the Doors [2007 2-CD] [CD],The Doors,Pop,Law Of The Playground,The Boy Least Likely To,"Indie,Rock,Pop",0
18690,18690,1877,396,Days of Future Passed [LP] - VINYL,The Moody Blues,Pop,Law Of The Playground,The Boy Least Likely To,"Indie,Rock,Pop",0
18691,18691,1880,396,96 Tears: The Very Best of Question Mark & the Mysterians [CD],? & the Mysterians,Pop,Law Of The Playground,The Boy Least Likely To,"Indie,Rock,Pop",0
18704,18704,1951,396,The  Disfigurement of Existence [CD],Signs of the Swarm,Pop,Law Of The Playground,The Boy Least Likely To,"Indie,Rock,Pop",0
18710,18710,2013,396,Death of a Bachelor [CD],Panic! At the Disco,Pop,Law Of The Playground,The Boy Least Likely To,"Indie,Rock,Pop",0
18750,18750,2356,396,Through the Years: The Best of the Fray [CD],The Fray,Pop,Law Of The Playground,The Boy Least Likely To,"Indie,Rock,Pop",0
18780,18780,2575,396,The Very Best of Jay & the Americans [CD],Jay & the Americans,Pop,Law Of The Playground,The Boy Least Likely To,"Indie,Rock,Pop",0
18818,18818,2837,396,The Very Best of the Righteous Brothers: Unchained Melody [CD],The Righteous Brothers,Pop,Law Of The Playground,The Boy Least Likely To,"Indie,Rock,Pop",0
18829,18829,2936,396,The Very Best of Adam & the Ants: Stand & Deliver [CD],Adam and the Ants,Pop,Law Of The Playground,The Boy Least Likely To,"Indie,Rock,Pop",0
18830,18830,2949,396,The  Boys of Zummer Tour: Live in Chicago [DVD],Fall Out Boy,Pop,Law Of The Playground,The Boy Least Likely To,"Indie,Rock,Pop",0
18870,18870,3286,396,City of Sound [CD],The Revivalists,Pop,Law Of The Playground,The Boy Least Likely To,"Indie,Rock,Pop",0
18883,18883,3363,396,The Punishment of Luxury: B Sides & Bonus Material [CD],Orchestral Manoeuvres in the Dark,Pop,Law Of The Playground,The Boy Least Likely To,"Indie,Rock,Pop",0
18892,18892,3430,396,Playlist: The Very Best of the Turtles [CD],The Turtles,Pop,Law Of The Playground,The Boy Least Likely To,"Indie,Rock,Pop",0
18905,18905,3530,396,The Punishment of Luxury [CD & DVD],Orchestral Manoeuvres in the Dark,Pop,Law Of The Playground,The Boy Least Likely To,"Indie,Rock,Pop",0
18924,18924,3674,396,The Very Best of Frankie Valli & the Four Seasons [Rhino 2002] [CD],Frankie Valli & the Four Seasons,Pop,Law Of The Playground,The Boy Least Likely To,"Indie,Rock,Pop",0
18952,18952,3845,396,Temple of the Dog [CD],Temple of the Dog,Pop,Law Of The Playground,The Boy Least Likely To,"Indie,Rock,Pop",0
18953,18953,3848,396,Come on Get Happy: Very Best of Partridge Family [Remastered] [CD],The Partridge Family,Pop,Law Of The Playground,The Boy Least Likely To,"Indie,Rock,Pop",0
18963,18963,3941,396,The Resistance: Rise of the Runaways [CD],Crown the Empire,Pop,Law Of The Playground,The Boy Least Likely To,"Indie,Rock,Pop",0
18980,18980,4052,396,The Age of Absurdity [CD],Phil Campbell & the Bastard Sons,Pop,Law Of The Playground,The Boy Least Likely To,"Indie,Rock,Pop",0
18981,18981,4060,396,Jump Back: The Best of the Rolling Stones (1971-1993) [CD],The Rolling Stones,Pop,Law Of The Playground,The Boy Least Likely To,"Indie,Rock,Pop",0
18992,18992,4157,396,The Best of KC and the Sunshine Band [CD],KC & the Sunshine Band,Pop,Law Of The Playground,The Boy Least Likely To,"Indie,Rock,Pop",0
18993,18993,4160,396,In Search of the Lost Chord [US 2008 Bonus Tracks] [CD],The Moody Blues,Pop,Law Of The Playground,The Boy Least Likely To,"Indie,Rock,Pop",0
19005,19005,4208,396,Elektra Years: 1978-1987 [Six-LP Set of Colored Vinyl] [LP] - VINYL,The Cars,Pop,Law Of The Playground,The Boy Least Likely To,"Indie,Rock,Pop",0
19006,19006,4209,396,Let It Rock: The Best of the Georgia Satellites [CD],The Georgia Satellites,Pop,Law Of The Playground,The Boy Least Likely To,"Indie,Rock,Pop",0
19022,19022,4279,396,20th Century Masters: The Millennium Collection: Best of the Moody Blues [CD],The Moody Blues,Pop,Law Of The Playground,The Boy Least Likely To,"Indie,Rock,Pop",0
19087,19087,2173,398,I See You [CD],The xx,Pop,I Have Hands,The Bran Flakes,"Indie,Rock,Pop",0
19094,19094,2781,398,I Am Human [CD],Escape the Fate,Pop,I Have Hands,The Bran Flakes,"Indie,Rock,Pop",0
19723,19723,1022,430,The  Best of David Gray [CD],David Gray,Pop,David Archuleta,David Archuleta,"Rock,Pop",0
19728,19728,1022,432,The  Best of David Gray [CD],David Gray,Pop,David Cook,David Cook,"Rock,Pop",0
19767,19767,1064,434,I Am...Sasha Fierce [Deluxe Edition] [CD],Beyoncé,R&B Soul,I Am...Sasha Fierce,Beyoncé,"Pop,R&B,Soul",1
19947,19947,3245,439,Day & Age [LP] - VINYL,The Killers,Pop,Day & Age,The Killers,"Rock,Pop",1
19950,19950,4052,439,The Age of Absurdity [CD],Phil Campbell & the Bastard Sons,Pop,Day & Age,The Killers,"Rock,Pop",0
20202,20202,2173,446,I See You [CD],The xx,Pop,I Think We're Gonna Need A Bigger Boat,The BPA (Brighton Port Authority),"Indie,Rock,Pop",0
20209,20209,2781,446,I Am Human [CD],Escape the Fate,Pop,I Think We're Gonna Need A Bigger Boat,The BPA (Brighton Port Authority),"Indie,Rock,Pop",0
20221,20221,1734,446,No Need to Argue [LP] - VINYL,The Cranberries,Pop,I Think We're Gonna Need A Bigger Boat,The BPA (Brighton Port Authority),"Indie,Rock,Pop",0
20223,20223,3862,446,No Need to Argue [The Complete Sessions 1994-1995] [CD],The Cranberries,Pop,I Think We're Gonna Need A Bigger Boat,The BPA (Brighton Port Authority),"Indie,Rock,Pop",0
20224,20224,4204,446,No Need to Argue [LP] - VINYL,The Cranberries,Pop,I Think We're Gonna Need A Bigger Boat,The BPA (Brighton Port Authority),"Indie,Rock,Pop",0
20254,20254,2399,447,Light Me Up [Bonus Track] [CD],The Pretty Reckless,Pop,The Crying Light,Antony and the Johnsons,"Indie,Rock,Pop",0
20304,20304,271,453,The Fame [Bonus Track] [CD],Lady Gaga,Pop,The Fame,Lady Gaga,"Rock,Dance,Pop",1
20305,20305,1388,453,The Fame [LP] - VINYL,Lady Gaga,Pop,The Fame,Lady Gaga,"Rock,Dance,Pop",1
20306,20306,3379,453,The Fame Monster [Deluxe Edition] [CD],Lady Gaga,Pop,The Fame,Lady Gaga,"Rock,Dance,Pop",1
20976,20976,3939,459,"Rock 'n Soul, Pt. 1 [Bonus Tracks] [CD]",Daryl Hall & John Oates,Pop,Seaside Rock,Peter Bjorn and John,"Indie,Rock,Pop",0
21245,21245,3549,468,Earth Is Not A Cold Dead Place [LP] - VINYL,Explosions in the Sky,Pop,Not Animal,Margot & the Nuclear So and So's,"Indie,Rock,Pop",0
22293,22293,3421,489,All Four One [CD],The Motels,Pop,All Or Nothing,The Subways,"Rock,Pop",0
22295,22295,3441,489,All Time Greatest Hits [CD],The Grass Roots,Pop,All Or Nothing,The Subways,"Rock,Pop",0
22310,22310,828,489,What If Nothing [CD],Walk the Moon,Pop,All Or Nothing,The Subways,"Rock,Pop",0
22321,22321,2404,491,Amy [Original Motion Picture Soundtrack] [CD],Amy Winehouse,Pop,Wreckless Eric & Amy Rigby,Wreckless Eric & Amy Rigby,"Indie,Rock,Pop",0
23024,23024,1079,500,"Everybody Else Is Doing It, So Why Can't We? [180-Gram Vinyl LP] [LP] - VINYL",The Cranberries,Pop,The Royal We,The Royal We,"Indie,Rock,Pop",0
23079,23079,4060,507,Jump Back: The Best of the Rolling Stones (1971-1993) [CD],The Rolling Stones,Pop,Beating Back The Claws Of The Cold,The Pica Beats,"Indie,Rock,Pop",0
23119,23119,221,507,Sounds of Summer: The Very Best of the Beach Boys [CD],The Beach Boys,Pop,Beating Back The Claws Of The Cold,The Pica Beats,"Indie,Rock,Pop",0
23123,23123,241,507,The Punishment of Luxury [CD],Orchestral Manoeuvres in the Dark,Pop,Beating Back The Claws Of The Cold,The Pica Beats,"Indie,Rock,Pop",0
23129,23129,258,507,Time Flies: The Best of Huey Lewis & the News [CD],Huey Lewis & the News,Pop,Beating Back The Claws Of The Cold,The Pica Beats,"Indie,Rock,Pop",0
23130,23130,268,507,Playlist: The Very Best of the Guess Who [CD],The Guess Who,Pop,Beating Back The Claws Of The Cold,The Pica Beats,"Indie,Rock,Pop",0
23139,23139,326,507,Best of the Mamas & the Papas: 20th Century Masters [CD],The Mamas & the Papas,Pop,Beating Back The Claws Of The Cold,The Pica Beats,"Indie,Rock,Pop",0
23143,23143,343,507,The Very Best of the Rolling Stones 1964-1971 [CD],The Rolling Stones,Pop,Beating Back The Claws Of The Cold,The Pica Beats,"Indie,Rock,Pop",0
23158,23158,429,507,The Battle of Los Angeles [CD] [PA],Rage Against the Machine,Pop,Beating Back The Claws Of The Cold,The Pica Beats,"Indie,Rock,Pop",0
23189,23189,600,507,Death of a Bachelor [LP] - VINYL,Panic! At the Disco,Pop,Beating Back The Claws Of The Cold,The Pica Beats,"Indie,Rock,Pop",0
23209,23209,710,507,Moving in Stereo: The Best of the Cars [LP] - VINYL,The Cars,Pop,Beating Back The Claws Of The Cold,The Pica Beats,"Indie,Rock,Pop",0
23292,23292,1305,507,Best of the Knack [CD],The Knack,Pop,Beating Back The Claws Of The Cold,The Pica Beats,"Indie,Rock,Pop",0
23304,23304,1380,507,Moving in Stereo: The Best of the Cars [CD],The Cars,Pop,Beating Back The Claws Of The Cold,The Pica Beats,"Indie,Rock,Pop",0
23321,23321,1546,507,Days of Future Passed: Live [CD],The Moody Blues,Pop,Beating Back The Claws Of The Cold,The Pica Beats,"Indie,Rock,Pop",0
23322,23322,1548,507,20th Century Masters - The Millennium Collection: The Best of the Grass Roots [CD],The Grass Roots,Pop,Beating Back The Claws Of The Cold,The Pica Beats,"Indie,Rock,Pop",0
23342,23342,1675,507,Big Innings: The Best of the Outfield [CD],The Outfield,Pop,Beating Back The Claws Of The Cold,The Pica Beats,"Indie,Rock,Pop",0
23343,23343,1676,507,The Very Best of the Rascals [Rhino] [CD],The Rascals,Pop,Beating Back The Claws Of The Cold,The Pica Beats,"Indie,Rock,Pop",0
23356,23356,1720,507,Best of OMD [UK Bonus Tracks] [CD],Orchestral Manoeuvres in the Dark,Pop,Beating Back The Claws Of The Cold,The Pica Beats,"Indie,Rock,Pop",0
23357,23357,1722,507,The Very Best of Tommy James & the Shondells [CD],Tommy James & the Shondells,Pop,Beating Back The Claws Of The Cold,The Pica Beats,"Indie,Rock,Pop",0
23358,23358,1738,507,The Very Best of the Doors [2007 2-CD] [CD],The Doors,Pop,Beating Back The Claws Of The Cold,The Pica Beats,"Indie,Rock,Pop",0
23372,23372,1877,507,Days of Future Passed [LP] - VINYL,The Moody Blues,Pop,Beating Back The Claws Of The Cold,The Pica Beats,"Indie,Rock,Pop",0
23373,23373,1880,507,96 Tears: The Very Best of Question Mark & the Mysterians [CD],? & the Mysterians,Pop,Beating Back The Claws Of The Cold,The Pica Beats,"Indie,Rock,Pop",0
23386,23386,1951,507,The  Disfigurement of Existence [CD],Signs of the Swarm,Pop,Beating Back The Claws Of The Cold,The Pica Beats,"Indie,Rock,Pop",0
23392,23392,2013,507,Death of a Bachelor [CD],Panic! At the Disco,Pop,Beating Back The Claws Of The Cold,The Pica Beats,"Indie,Rock,Pop",0
23432,23432,2356,507,Through the Years: The Best of the Fray [CD],The Fray,Pop,Beating Back The Claws Of The Cold,The Pica Beats,"Indie,Rock,Pop",0
23462,23462,2575,507,The Very Best of Jay & the Americans [CD],Jay & the Americans,Pop,Beating Back The Claws Of The Cold,The Pica Beats,"Indie,Rock,Pop",0
23500,23500,2837,507,The Very Best of the Righteous Brothers: Unchained Melody [CD],The Righteous Brothers,Pop,Beating Back The Claws Of The Cold,The Pica Beats,"Indie,Rock,Pop",0
23511,23511,2936,507,The Very Best of Adam & the Ants: Stand & Deliver [CD],Adam and the Ants,Pop,Beating Back The Claws Of The Cold,The Pica Beats,"Indie,Rock,Pop",0
23552,23552,3286,507,City of Sound [CD],The Revivalists,Pop,Beating Back The Claws Of The Cold,The Pica Beats,"Indie,Rock,Pop",0
23565,23565,3363,507,The Punishment of Luxury: B Sides & Bonus Material [CD],Orchestral Manoeuvres in the Dark,Pop,Beating Back The Claws Of The Cold,The Pica Beats,"Indie,Rock,Pop",0
23574,23574,3430,507,Playlist: The Very Best of the Turtles [CD],The Turtles,Pop,Beating Back The Claws Of The Cold,The Pica Beats,"Indie,Rock,Pop",0
23587,23587,3530,507,The Punishment of Luxury [CD & DVD],Orchestral Manoeuvres in the Dark,Pop,Beating Back The Claws Of The Cold,The Pica Beats,"Indie,Rock,Pop",0
23606,23606,3674,507,The Very Best of Frankie Valli & the Four Seasons [Rhino 2002] [CD],Frankie Valli & the Four Seasons,Pop,Beating Back The Claws Of The Cold,The Pica Beats,"Indie,Rock,Pop",0
23634,23634,3845,507,Temple of the Dog [CD],Temple of the Dog,Pop,Beating Back The Claws Of The Cold,The Pica Beats,"Indie,Rock,Pop",0
23635,23635,3848,507,Come on Get Happy: Very Best of Partridge Family [Remastered] [CD],The Partridge Family,Pop,Beating Back The Claws Of The Cold,The Pica Beats,"Indie,Rock,Pop",0
23645,23645,3941,507,The Resistance: Rise of the Runaways [CD],Crown the Empire,Pop,Beating Back The Claws Of The Cold,The Pica Beats,"Indie,Rock,Pop",0
23662,23662,4052,507,The Age of Absurdity [CD],Phil Campbell & the Bastard Sons,Pop,Beating Back The Claws Of The Cold,The Pica Beats,"Indie,Rock,Pop",0
23673,23673,4157,507,The Best of KC and the Sunshine Band [CD],KC & the Sunshine Band,Pop,Beating Back The Claws Of The Cold,The Pica Beats,"Indie,Rock,Pop",0
23674,23674,4160,507,In Search of the Lost Chord [US 2008 Bonus Tracks] [CD],The Moody Blues,Pop,Beating Back The Claws Of The Cold,The Pica Beats,"Indie,Rock,Pop",0
23686,23686,4208,507,Elektra Years: 1978-1987 [Six-LP Set of Colored Vinyl] [LP] - VINYL,The Cars,Pop,Beating Back The Claws Of The Cold,The Pica Beats,"Indie,Rock,Pop",0
23687,23687,4209,507,Let It Rock: The Best of the Georgia Satellites [CD],The Georgia Satellites,Pop,Beating Back The Claws Of The Cold,The Pica Beats,"Indie,Rock,Pop",0
23703,23703,4279,507,20th Century Masters: The Millennium Collection: Best of the Moody Blues [CD],The Moody Blues,Pop,Beating Back The Claws Of The Cold,The Pica Beats,"Indie,Rock,Pop",0
23716,23716,3549,507,Earth Is Not A Cold Dead Place [LP] - VINYL,Explosions in the Sky,Pop,Beating Back The Claws Of The Cold,The Pica Beats,"Indie,Rock,Pop",0
23750,23750,168,512,The Best of John Denver Live [CD],John Denver,Pop,John & Jehn,John & Jehn,"Rock,Pop",0
23752,23752,1033,512,The Essential Daryl Hall & John Oates [CD],Daryl Hall & John Oates,Pop,John & Jehn,John & Jehn,"Rock,Pop",0
23753,23753,1083,512,The Very Best of Daryl Hall & John Oates [CD],Daryl Hall & John Oates,Pop,John & Jehn,John & Jehn,"Rock,Pop",0
23754,23754,1397,512,Where the Light Is: John Mayer Live in Los Angeles [LP] - VINYL,John Mayer,Pop,John & Jehn,John & Jehn,"Rock,Pop",0
23757,23757,3117,512,The Long Road Home: The Ultimate John Fogerty/Creedence Collection [CD] [PA],John Fogerty,Pop,John & Jehn,John & Jehn,"Rock,Pop",0
24496,24496,828,523,What If Nothing [CD],Walk the Moon,Pop,We Started Nothing,The Ting Tings,"Rock,Pop",0
24500,24500,1079,523,"Everybody Else Is Doing It, So Why Can't We? [180-Gram Vinyl LP] [LP] - VINYL",The Cranberries,Pop,We Started Nothing,The Ting Tings,"Rock,Pop",0
24555,24555,274,526,A Fever You Can't Sweat Out [CD],Panic! At the Disco,Pop,See You Happy,Ponies In The Surf,"Indie,Rock,Pop",0
24577,24577,1909,526,Until You Find Your Green [LP] - VINYL,The Baird Sisters,Pop,See You Happy,Ponies In The Surf,"Indie,Rock,Pop",0
24581,24581,2173,526,I See You [CD],The xx,Pop,See You Happy,Ponies In The Surf,"Indie,Rock,Pop",0
24592,24592,3238,526,If You Can Believe Your Eyes and Ears [CD],The Mamas & the Papas,Pop,See You Happy,Ponies In The Surf,"Indie,Rock,Pop",0
24593,24593,3348,526,If You Can Believe Your Eyes and Ears [CD],The Mamas & the Papas,Pop,See You Happy,Ponies In The Surf,"Indie,Rock,Pop",0
24598,24598,3694,526,Fever You Can't Sweat Out [LP] - VINYL,Panic! At the Disco,Pop,See You Happy,Ponies In The Surf,"Indie,Rock,Pop",0
24608,24608,3848,526,Come on Get Happy: Very Best of Partridge Family [Remastered] [CD],The Partridge Family,Pop,See You Happy,Ponies In The Surf,"Indie,Rock,Pop",0
24622,24622,826,530,19 [Limited Edition] [LP] - VINYL,Adele,Pop,19,Adele,"Rock,Pop",1
24623,24623,878,530,19 [CD],Adele,Pop,19,Adele,"Rock,Pop",1
25174,25174,2831,534,Playlist: The Very Best of Steve Perry [CD],Steve Perry,Pop,One Of The Boys,Katy Perry,"Rock,Pop",0
25423,25423,179,537,1 [20-Track]  [CD],The Beatles,Pop,Volume 1: Frozen Ropes and Dying Quails,The Baseball Project,"Rock,Pop",0
25442,25442,690,537,1 [LP] - VINYL,The Beatles,Pop,Volume 1: Frozen Ropes and Dying Quails,The Baseball Project,"Rock,Pop",0
25473,25473,2883,537,"Prevail, Vol. 1 [CD]",Kobra and the Lotus,Pop,Volume 1: Frozen Ropes and Dying Quails,The Baseball Project,"Rock,Pop",0
25487,25487,3763,537,"The Traveling Wilburys, Vol. 1 [CD]",The Traveling Wilburys,Pop,Volume 1: Frozen Ropes and Dying Quails,The Baseball Project,"Rock,Pop",0
25496,25496,4043,537,1+ [CD/2-Blu-Ray] [CD & Blu-Ray],The Beatles,Pop,Volume 1: Frozen Ropes and Dying Quails,The Baseball Project,"Rock,Pop",0
25558,25558,274,544,A Fever You Can't Sweat Out [CD],Panic! At the Disco,Pop,Life With You,The Proclaimers,"Rock,Pop",0
25580,25580,1909,544,Until You Find Your Green [LP] - VINYL,The Baird Sisters,Pop,Life With You,The Proclaimers,"Rock,Pop",0
25584,25584,2173,544,I See You [CD],The xx,Pop,Life With You,The Proclaimers,"Rock,Pop",0
25595,25595,3238,544,If You Can Believe Your Eyes and Ears [CD],The Mamas & the Papas,Pop,Life With You,The Proclaimers,"Rock,Pop",0
25596,25596,3348,544,If You Can Believe Your Eyes and Ears [CD],The Mamas & the Papas,Pop,Life With You,The Proclaimers,"Rock,Pop",0
25601,25601,3694,544,Fever You Can't Sweat Out [LP] - VINYL,Panic! At the Disco,Pop,Life With You,The Proclaimers,"Rock,Pop",0
25625,25625,1488,544,How to Save a Life [CD],The Fray,Pop,Life With You,The Proclaimers,"Rock,Pop",0
26253,26253,4189,548,Over the Bridge of Time: A Paul Simon Retrospective (1964-2011) [CD],Paul Simon,Pop,This Kind Of Love,Carly Simon,"Rock,Pop",0
27156,27156,3969,557,Some People Have Real Problems [CD],Sia,Pop,Some People Have Real Problems,Sia,"Rock,Pop",1
27899,27899,4160,562,In Search of the Lost Chord [US 2008 Bonus Tracks] [CD],The Moody Blues,Pop,Join With Us,The Feeling,"Rock,Pop",0
27957,27957,3424,568,Sawdust [LP] - VINYL,The Killers,Pop,Sawdust,The Killers,"Rock,Pop",1
29689,29689,3202,592,"Echoes, Silence, Patience & Grace [CD]",Foo Fighters,Pop,"Echoes, Silence, Patience & Grace",Foo Fighters,"Rock,Pop",1
30341,30341,1079,595,"Everybody Else Is Doing It, So Why Can't We? [180-Gram Vinyl LP] [LP] - VINYL",The Cranberries,Pop,We Are The Pipettes,The Pipettes,"Rock,Pop",0
30521,30521,2194,607,Double Dutchess [CD] [PA],Fergie,Pop,The Dutchess,Fergie,"Pop,R&B",0
30522,30522,3943,607,The Dutchess [CD] [PA],Fergie,Pop,The Dutchess,Fergie,"Pop,R&B",1
31054,31054,1540,629,I'm Not Dead [CD] [PA],P!nk,Pop,I'm Not Dead,P!nk,Pop,1
31249,31249,2883,633,"Prevail, Vol. 1 [CD]",Kobra and the Lotus,Pop,Under The Covers Vol. 1,Matthew Sweet and Susanna Hoffs,"Rock,Pop",0
31358,31358,2574,634,The Who by Numbers [CD],The Who,Pop,The Magic Numbers,The Magic Numbers,"Indie,Pop",0
31882,31882,221,645,Sounds of Summer: The Very Best of the Beach Boys [CD],The Beach Boys,Pop,The Secret Life Of The Veronicas,The Veronicas,"Rock,Pop",0
31886,31886,241,645,The Punishment of Luxury [CD],Orchestral Manoeuvres in the Dark,Pop,The Secret Life Of The Veronicas,The Veronicas,"Rock,Pop",0
31892,31892,258,645,Time Flies: The Best of Huey Lewis & the News [CD],Huey Lewis & the News,Pop,The Secret Life Of The Veronicas,The Veronicas,"Rock,Pop",0
31893,31893,268,645,Playlist: The Very Best of the Guess Who [CD],The Guess Who,Pop,The Secret Life Of The Veronicas,The Veronicas,"Rock,Pop",0
31902,31902,326,645,Best of the Mamas & the Papas: 20th Century Masters [CD],The Mamas & the Papas,Pop,The Secret Life Of The Veronicas,The Veronicas,"Rock,Pop",0
31906,31906,343,645,The Very Best of the Rolling Stones 1964-1971 [CD],The Rolling Stones,Pop,The Secret Life Of The Veronicas,The Veronicas,"Rock,Pop",0
31921,31921,429,645,The Battle of Los Angeles [CD] [PA],Rage Against the Machine,Pop,The Secret Life Of The Veronicas,The Veronicas,"Rock,Pop",0
31952,31952,600,645,Death of a Bachelor [LP] - VINYL,Panic! At the Disco,Pop,The Secret Life Of The Veronicas,The Veronicas,"Rock,Pop",0
31972,31972,710,645,Moving in Stereo: The Best of the Cars [LP] - VINYL,The Cars,Pop,The Secret Life Of The Veronicas,The Veronicas,"Rock,Pop",0
32055,32055,1305,645,Best of the Knack [CD],The Knack,Pop,The Secret Life Of The Veronicas,The Veronicas,"Rock,Pop",0
32067,32067,1380,645,Moving in Stereo: The Best of the Cars [CD],The Cars,Pop,The Secret Life Of The Veronicas,The Veronicas,"Rock,Pop",0
32084,32084,1546,645,Days of Future Passed: Live [CD],The Moody Blues,Pop,The Secret Life Of The Veronicas,The Veronicas,"Rock,Pop",0
32085,32085,1548,645,20th Century Masters - The Millennium Collection: The Best of the Grass Roots [CD],The Grass Roots,Pop,The Secret Life Of The Veronicas,The Veronicas,"Rock,Pop",0
32105,32105,1675,645,Big Innings: The Best of the Outfield [CD],The Outfield,Pop,The Secret Life Of The Veronicas,The Veronicas,"Rock,Pop",0
32106,32106,1676,645,The Very Best of the Rascals [Rhino] [CD],The Rascals,Pop,The Secret Life Of The Veronicas,The Veronicas,"Rock,Pop",0
32119,32119,1720,645,Best of OMD [UK Bonus Tracks] [CD],Orchestral Manoeuvres in the Dark,Pop,The Secret Life Of The Veronicas,The Veronicas,"Rock,Pop",0
32120,32120,1722,645,The Very Best of Tommy James & the Shondells [CD],Tommy James & the Shondells,Pop,The Secret Life Of The Veronicas,The Veronicas,"Rock,Pop",0
32121,32121,1738,645,The Very Best of the Doors [2007 2-CD] [CD],The Doors,Pop,The Secret Life Of The Veronicas,The Veronicas,"Rock,Pop",0
32135,32135,1877,645,Days of Future Passed [LP] - VINYL,The Moody Blues,Pop,The Secret Life Of The Veronicas,The Veronicas,"Rock,Pop",0
32136,32136,1880,645,96 Tears: The Very Best of Question Mark & the Mysterians [CD],? & the Mysterians,Pop,The Secret Life Of The Veronicas,The Veronicas,"Rock,Pop",0
32149,32149,1951,645,The  Disfigurement of Existence [CD],Signs of the Swarm,Pop,The Secret Life Of The Veronicas,The Veronicas,"Rock,Pop",0
32154,32154,2013,645,Death of a Bachelor [CD],Panic! At the Disco,Pop,The Secret Life Of The Veronicas,The Veronicas,"Rock,Pop",0
32194,32194,2356,645,Through the Years: The Best of the Fray [CD],The Fray,Pop,The Secret Life Of The Veronicas,The Veronicas,"Rock,Pop",0
32224,32224,2575,645,The Very Best of Jay & the Americans [CD],Jay & the Americans,Pop,The Secret Life Of The Veronicas,The Veronicas,"Rock,Pop",0
32262,32262,2837,645,The Very Best of the Righteous Brothers: Unchained Melody [CD],The Righteous Brothers,Pop,The Secret Life Of The Veronicas,The Veronicas,"Rock,Pop",0
32273,32273,2936,645,The Very Best of Adam & the Ants: Stand & Deliver [CD],Adam and the Ants,Pop,The Secret Life Of The Veronicas,The Veronicas,"Rock,Pop",0
32314,32314,3286,645,City of Sound [CD],The Revivalists,Pop,The Secret Life Of The Veronicas,The Veronicas,"Rock,Pop",0
32327,32327,3363,645,The Punishment of Luxury: B Sides & Bonus Material [CD],Orchestral Manoeuvres in the Dark,Pop,The Secret Life Of The Veronicas,The Veronicas,"Rock,Pop",0
32336,32336,3430,645,Playlist: The Very Best of the Turtles [CD],The Turtles,Pop,The Secret Life Of The Veronicas,The Veronicas,"Rock,Pop",0
32349,32349,3530,645,The Punishment of Luxury [CD & DVD],Orchestral Manoeuvres in the Dark,Pop,The Secret Life Of The Veronicas,The Veronicas,"Rock,Pop",0
32368,32368,3674,645,The Very Best of Frankie Valli & the Four Seasons [Rhino 2002] [CD],Frankie Valli & the Four Seasons,Pop,The Secret Life Of The Veronicas,The Veronicas,"Rock,Pop",0
32396,32396,3845,645,Temple of the Dog [CD],Temple of the Dog,Pop,The Secret Life Of The Veronicas,The Veronicas,"Rock,Pop",0
32397,32397,3848,645,Come on Get Happy: Very Best of Partridge Family [Remastered] [CD],The Partridge Family,Pop,The Secret Life Of The Veronicas,The Veronicas,"Rock,Pop",0
32407,32407,3941,645,The Resistance: Rise of the Runaways [CD],Crown the Empire,Pop,The Secret Life Of The Veronicas,The Veronicas,"Rock,Pop",0
32424,32424,4052,645,The Age of Absurdity [CD],Phil Campbell & the Bastard Sons,Pop,The Secret Life Of The Veronicas,The Veronicas,"Rock,Pop",0
32425,32425,4060,645,Jump Back: The Best of the Rolling Stones (1971-1993) [CD],The Rolling Stones,Pop,The Secret Life Of The Veronicas,The Veronicas,"Rock,Pop",0
32436,32436,4157,645,The Best of KC and the Sunshine Band [CD],KC & the Sunshine Band,Pop,The Secret Life Of The Veronicas,The Veronicas,"Rock,Pop",0
32437,32437,4160,645,In Search of the Lost Chord [US 2008 Bonus Tracks] [CD],The Moody Blues,Pop,The Secret Life Of The Veronicas,The Veronicas,"Rock,Pop",0
32449,32449,4208,645,Elektra Years: 1978-1987 [Six-LP Set of Colored Vinyl] [LP] - VINYL,The Cars,Pop,The Secret Life Of The Veronicas,The Veronicas,"Rock,Pop",0
32450,32450,4209,645,Let It Rock: The Best of the Georgia Satellites [CD],The Georgia Satellites,Pop,The Secret Life Of The Veronicas,The Veronicas,"Rock,Pop",0
32466,32466,4279,645,20th Century Masters: The Millennium Collection: Best of the Moody Blues [CD],The Moody Blues,Pop,The Secret Life Of The Veronicas,The Veronicas,"Rock,Pop",0
32486,32486,1488,645,How to Save a Life [CD],The Fray,Pop,The Secret Life Of The Veronicas,The Veronicas,"Rock,Pop",0
32747,32747,2771,666,Goodbye Yellow Brick Road [LP] - VINYL,Elton John,Pop,Peachtree Road,Elton John,"Rock,Pop",0
32749,32749,3117,666,The Long Road Home: The Ultimate John Fogerty/Creedence Collection [CD] [PA],John Fogerty,Pop,Peachtree Road,Elton John,"Rock,Pop",0
32751,32751,3843,666,Goodbye Yellow Brick Road [CD],Elton John,Pop,Peachtree Road,Elton John,"Rock,Pop",0
32771,32771,1909,672,Until You Find Your Green [LP] - VINYL,The Baird Sisters,Pop,Green Imagination,The Sunshine Fix,"Indie,Pop",0
32781,32781,2399,673,Light Me Up [Bonus Track] [CD],The Pretty Reckless,Pop,The Cover Up,I Am The World Trade Center,"Indie,Pop",0
32786,32786,2878,673,Shake It Up [Expanded Edition] [CD],The Cars,Pop,The Cover Up,I Am The World Trade Center,"Indie,Pop",0
33770,33770,4312,685,Monkey Business [CD],The Black Eyed Peas,Pop,Monkey Business,The Black Eyed Peas,"Pop,R&B",1
34072,34072,1018,701,"Too Weird to Live, Too Rare to Die! [CD]",Panic! At the Disco,Pop,Chutes Too Narrow,The Shins,"Indie,Pop",0
34074,34074,1999,701,"Too Weird to Live, Too Rare to Die! [LP] - VINYL",Panic! At the Disco,Pop,Chutes Too Narrow,The Shins,"Indie,Pop",0
34079,34079,268,702,Playlist: The Very Best of the Guess Who [CD],The Guess Who,Pop,Who Will Cut Our Hair When We're Gone?,The Unicorns,"Indie,Pop",0
34082,34082,2574,702,The Who by Numbers [CD],The Who,Pop,Who Will Cut Our Hair When We're Gone?,The Unicorns,"Indie,Pop",0
34164,34164,3103,706,In the Zone [CD],Britney Spears,Pop,In The Zone,Britney Spears,"Dance,Pop",1
34521,34521,221,732,Sounds of Summer: The Very Best of the Beach Boys [CD],The Beach Boys,Pop,The Smell Of Our Own,The Hidden Cameras,"Indie,Rock,Pop",0
34525,34525,241,732,The Punishment of Luxury [CD],Orchestral Manoeuvres in the Dark,Pop,The Smell Of Our Own,The Hidden Cameras,"Indie,Rock,Pop",0
34531,34531,258,732,Time Flies: The Best of Huey Lewis & the News [CD],Huey Lewis & the News,Pop,The Smell Of Our Own,The Hidden Cameras,"Indie,Rock,Pop",0
34532,34532,268,732,Playlist: The Very Best of the Guess Who [CD],The Guess Who,Pop,The Smell Of Our Own,The Hidden Cameras,"Indie,Rock,Pop",0
34541,34541,326,732,Best of the Mamas & the Papas: 20th Century Masters [CD],The Mamas & the Papas,Pop,The Smell Of Our Own,The Hidden Cameras,"Indie,Rock,Pop",0
34545,34545,343,732,The Very Best of the Rolling Stones 1964-1971 [CD],The Rolling Stones,Pop,The Smell Of Our Own,The Hidden Cameras,"Indie,Rock,Pop",0
34560,34560,429,732,The Battle of Los Angeles [CD] [PA],Rage Against the Machine,Pop,The Smell Of Our Own,The Hidden Cameras,"Indie,Rock,Pop",0
34592,34592,600,732,Death of a Bachelor [LP] - VINYL,Panic! At the Disco,Pop,The Smell Of Our Own,The Hidden Cameras,"Indie,Rock,Pop",0
34612,34612,710,732,Moving in Stereo: The Best of the Cars [LP] - VINYL,The Cars,Pop,The Smell Of Our Own,The Hidden Cameras,"Indie,Rock,Pop",0
34695,34695,1305,732,Best of the Knack [CD],The Knack,Pop,The Smell Of Our Own,The Hidden Cameras,"Indie,Rock,Pop",0
34707,34707,1380,732,Moving in Stereo: The Best of the Cars [CD],The Cars,Pop,The Smell Of Our Own,The Hidden Cameras,"Indie,Rock,Pop",0
34724,34724,1546,732,Days of Future Passed: Live [CD],The Moody Blues,Pop,The Smell Of Our Own,The Hidden Cameras,"Indie,Rock,Pop",0
34725,34725,1548,732,20th Century Masters - The Millennium Collection: The Best of the Grass Roots [CD],The Grass Roots,Pop,The Smell Of Our Own,The Hidden Cameras,"Indie,Rock,Pop",0
34745,34745,1675,732,Big Innings: The Best of the Outfield [CD],The Outfield,Pop,The Smell Of Our Own,The Hidden Cameras,"Indie,Rock,Pop",0
34746,34746,1676,732,The Very Best of the Rascals [Rhino] [CD],The Rascals,Pop,The Smell Of Our Own,The Hidden Cameras,"Indie,Rock,Pop",0
34759,34759,1720,732,Best of OMD [UK Bonus Tracks] [CD],Orchestral Manoeuvres in the Dark,Pop,The Smell Of Our Own,The Hidden Cameras,"Indie,Rock,Pop",0
34760,34760,1722,732,The Very Best of Tommy James & the Shondells [CD],Tommy James & the Shondells,Pop,The Smell Of Our Own,The Hidden Cameras,"Indie,Rock,Pop",0
34761,34761,1738,732,The Very Best of the Doors [2007 2-CD] [CD],The Doors,Pop,The Smell Of Our Own,The Hidden Cameras,"Indie,Rock,Pop",0
34775,34775,1877,732,Days of Future Passed [LP] - VINYL,The Moody Blues,Pop,The Smell Of Our Own,The Hidden Cameras,"Indie,Rock,Pop",0
34776,34776,1880,732,96 Tears: The Very Best of Question Mark & the Mysterians [CD],? & the Mysterians,Pop,The Smell Of Our Own,The Hidden Cameras,"Indie,Rock,Pop",0
34789,34789,1951,732,The  Disfigurement of Existence [CD],Signs of the Swarm,Pop,The Smell Of Our Own,The Hidden Cameras,"Indie,Rock,Pop",0
34795,34795,2013,732,Death of a Bachelor [CD],Panic! At the Disco,Pop,The Smell Of Our Own,The Hidden Cameras,"Indie,Rock,Pop",0
34835,34835,2356,732,Through the Years: The Best of the Fray [CD],The Fray,Pop,The Smell Of Our Own,The Hidden Cameras,"Indie,Rock,Pop",0
34865,34865,2575,732,The Very Best of Jay & the Americans [CD],Jay & the Americans,Pop,The Smell Of Our Own,The Hidden Cameras,"Indie,Rock,Pop",0
34903,34903,2837,732,The Very Best of the Righteous Brothers: Unchained Melody [CD],The Righteous Brothers,Pop,The Smell Of Our Own,The Hidden Cameras,"Indie,Rock,Pop",0
34914,34914,2936,732,The Very Best of Adam & the Ants: Stand & Deliver [CD],Adam and the Ants,Pop,The Smell Of Our Own,The Hidden Cameras,"Indie,Rock,Pop",0
34955,34955,3286,732,City of Sound [CD],The Revivalists,Pop,The Smell Of Our Own,The Hidden Cameras,"Indie,Rock,Pop",0
34968,34968,3363,732,The Punishment of Luxury: B Sides & Bonus Material [CD],Orchestral Manoeuvres in the Dark,Pop,The Smell Of Our Own,The Hidden Cameras,"Indie,Rock,Pop",0
34977,34977,3430,732,Playlist: The Very Best of the Turtles [CD],The Turtles,Pop,The Smell Of Our Own,The Hidden Cameras,"Indie,Rock,Pop",0
34990,34990,3530,732,The Punishment of Luxury [CD & DVD],Orchestral Manoeuvres in the Dark,Pop,The Smell Of Our Own,The Hidden Cameras,"Indie,Rock,Pop",0
35009,35009,3674,732,The Very Best of Frankie Valli & the Four Seasons [Rhino 2002] [CD],Frankie Valli & the Four Seasons,Pop,The Smell Of Our Own,The Hidden Cameras,"Indie,Rock,Pop",0
35037,35037,3845,732,Temple of the Dog [CD],Temple of the Dog,Pop,The Smell Of Our Own,The Hidden Cameras,"Indie,Rock,Pop",0
35038,35038,3848,732,Come on Get Happy: Very Best of Partridge Family [Remastered] [CD],The Partridge Family,Pop,The Smell Of Our Own,The Hidden Cameras,"Indie,Rock,Pop",0
35048,35048,3941,732,The Resistance: Rise of the Runaways [CD],Crown the Empire,Pop,The Smell Of Our Own,The Hidden Cameras,"Indie,Rock,Pop",0
35065,35065,4052,732,The Age of Absurdity [CD],Phil Campbell & the Bastard Sons,Pop,The Smell Of Our Own,The Hidden Cameras,"Indie,Rock,Pop",0
35066,35066,4060,732,Jump Back: The Best of the Rolling Stones (1971-1993) [CD],The Rolling Stones,Pop,The Smell Of Our Own,The Hidden Cameras,"Indie,Rock,Pop",0
35077,35077,4157,732,The Best of KC and the Sunshine Band [CD],KC & the Sunshine Band,Pop,The Smell Of Our Own,The Hidden Cameras,"Indie,Rock,Pop",0
35078,35078,4160,732,In Search of the Lost Chord [US 2008 Bonus Tracks] [CD],The Moody Blues,Pop,The Smell Of Our Own,The Hidden Cameras,"Indie,Rock,Pop",0
35090,35090,4208,732,Elektra Years: 1978-1987 [Six-LP Set of Colored Vinyl] [LP] - VINYL,The Cars,Pop,The Smell Of Our Own,The Hidden Cameras,"Indie,Rock,Pop",0
35091,35091,4209,732,Let It Rock: The Best of the Georgia Satellites [CD],The Georgia Satellites,Pop,The Smell Of Our Own,The Hidden Cameras,"Indie,Rock,Pop",0
35107,35107,4279,732,20th Century Masters: The Millennium Collection: Best of the Moody Blues [CD],The Moody Blues,Pop,The Smell Of Our Own,The Hidden Cameras,"Indie,Rock,Pop",0
35139,35139,3276,734,Sgt. Pepper's Lonely Hearts Club Band [50th Anniversary Edition Deluxe Version] [CD & DVD],The Beatles,Pop,Electric Version,The New Pornographers,"Indie,Rock,Pop",0
35288,35288,2173,745,I See You [CD],The xx,Pop,How I Learned To Write Backwards,The Aislers Set,"Indie,Pop",0
35295,35295,2781,745,I Am Human [CD],Escape the Fate,Pop,How I Learned To Write Backwards,The Aislers Set,"Indie,Pop",0
35310,35310,1488,745,How to Save a Life [CD],The Fray,Pop,How I Learned To Write Backwards,The Aislers Set,"Indie,Pop",0
35313,35313,3751,745,"How Big, How Blue, How Beautiful [Bonus Tracks] [CD]",Florence + the Machine,Pop,How I Learned To Write Backwards,The Aislers Set,"Indie,Pop",0
35477,35477,221,755,Sounds of Summer: The Very Best of the Beach Boys [CD],The Beach Boys,Pop,Son Of Evil Reindeer,The Reindeer Section,"Indie,Rock,Pop",0
35481,35481,241,755,The Punishment of Luxury [CD],Orchestral Manoeuvres in the Dark,Pop,Son Of Evil Reindeer,The Reindeer Section,"Indie,Rock,Pop",0
35487,35487,258,755,Time Flies: The Best of Huey Lewis & the News [CD],Huey Lewis & the News,Pop,Son Of Evil Reindeer,The Reindeer Section,"Indie,Rock,Pop",0
35488,35488,268,755,Playlist: The Very Best of the Guess Who [CD],The Guess Who,Pop,Son Of Evil Reindeer,The Reindeer Section,"Indie,Rock,Pop",0
35497,35497,326,755,Best of the Mamas & the Papas: 20th Century Masters [CD],The Mamas & the Papas,Pop,Son Of Evil Reindeer,The Reindeer Section,"Indie,Rock,Pop",0
35501,35501,343,755,The Very Best of the Rolling Stones 1964-1971 [CD],The Rolling Stones,Pop,Son Of Evil Reindeer,The Reindeer Section,"Indie,Rock,Pop",0
35516,35516,429,755,The Battle of Los Angeles [CD] [PA],Rage Against the Machine,Pop,Son Of Evil Reindeer,The Reindeer Section,"Indie,Rock,Pop",0
35548,35548,600,755,Death of a Bachelor [LP] - VINYL,Panic! At the Disco,Pop,Son Of Evil Reindeer,The Reindeer Section,"Indie,Rock,Pop",0
35568,35568,710,755,Moving in Stereo: The Best of the Cars [LP] - VINYL,The Cars,Pop,Son Of Evil Reindeer,The Reindeer Section,"Indie,Rock,Pop",0
35651,35651,1305,755,Best of the Knack [CD],The Knack,Pop,Son Of Evil Reindeer,The Reindeer Section,"Indie,Rock,Pop",0
35663,35663,1380,755,Moving in Stereo: The Best of the Cars [CD],The Cars,Pop,Son Of Evil Reindeer,The Reindeer Section,"Indie,Rock,Pop",0
35680,35680,1546,755,Days of Future Passed: Live [CD],The Moody Blues,Pop,Son Of Evil Reindeer,The Reindeer Section,"Indie,Rock,Pop",0
35681,35681,1548,755,20th Century Masters - The Millennium Collection: The Best of the Grass Roots [CD],The Grass Roots,Pop,Son Of Evil Reindeer,The Reindeer Section,"Indie,Rock,Pop",0
35701,35701,1675,755,Big Innings: The Best of the Outfield [CD],The Outfield,Pop,Son Of Evil Reindeer,The Reindeer Section,"Indie,Rock,Pop",0
35702,35702,1676,755,The Very Best of the Rascals [Rhino] [CD],The Rascals,Pop,Son Of Evil Reindeer,The Reindeer Section,"Indie,Rock,Pop",0
35715,35715,1720,755,Best of OMD [UK Bonus Tracks] [CD],Orchestral Manoeuvres in the Dark,Pop,Son Of Evil Reindeer,The Reindeer Section,"Indie,Rock,Pop",0
35716,35716,1722,755,The Very Best of Tommy James & the Shondells [CD],Tommy James & the Shondells,Pop,Son Of Evil Reindeer,The Reindeer Section,"Indie,Rock,Pop",0
35717,35717,1738,755,The Very Best of the Doors [2007 2-CD] [CD],The Doors,Pop,Son Of Evil Reindeer,The Reindeer Section,"Indie,Rock,Pop",0
35731,35731,1877,755,Days of Future Passed [LP] - VINYL,The Moody Blues,Pop,Son Of Evil Reindeer,The Reindeer Section,"Indie,Rock,Pop",0
35732,35732,1880,755,96 Tears: The Very Best of Question Mark & the Mysterians [CD],? & the Mysterians,Pop,Son Of Evil Reindeer,The Reindeer Section,"Indie,Rock,Pop",0
35745,35745,1951,755,The  Disfigurement of Existence [CD],Signs of the Swarm,Pop,Son Of Evil Reindeer,The Reindeer Section,"Indie,Rock,Pop",0
35751,35751,2013,755,Death of a Bachelor [CD],Panic! At the Disco,Pop,Son Of Evil Reindeer,The Reindeer Section,"Indie,Rock,Pop",0
35791,35791,2356,755,Through the Years: The Best of the Fray [CD],The Fray,Pop,Son Of Evil Reindeer,The Reindeer Section,"Indie,Rock,Pop",0
35821,35821,2575,755,The Very Best of Jay & the Americans [CD],Jay & the Americans,Pop,Son Of Evil Reindeer,The Reindeer Section,"Indie,Rock,Pop",0
35859,35859,2837,755,The Very Best of the Righteous Brothers: Unchained Melody [CD],The Righteous Brothers,Pop,Son Of Evil Reindeer,The Reindeer Section,"Indie,Rock,Pop",0
35870,35870,2936,755,The Very Best of Adam & the Ants: Stand & Deliver [CD],Adam and the Ants,Pop,Son Of Evil Reindeer,The Reindeer Section,"Indie,Rock,Pop",0
35911,35911,3286,755,City of Sound [CD],The Revivalists,Pop,Son Of Evil Reindeer,The Reindeer Section,"Indie,Rock,Pop",0
35924,35924,3363,755,The Punishment of Luxury: B Sides & Bonus Material [CD],Orchestral Manoeuvres in the Dark,Pop,Son Of Evil Reindeer,The Reindeer Section,"Indie,Rock,Pop",0
35933,35933,3430,755,Playlist: The Very Best of the Turtles [CD],The Turtles,Pop,Son Of Evil Reindeer,The Reindeer Section,"Indie,Rock,Pop",0
35946,35946,3530,755,The Punishment of Luxury [CD & DVD],Orchestral Manoeuvres in the Dark,Pop,Son Of Evil Reindeer,The Reindeer Section,"Indie,Rock,Pop",0
35965,35965,3674,755,The Very Best of Frankie Valli & the Four Seasons [Rhino 2002] [CD],Frankie Valli & the Four Seasons,Pop,Son Of Evil Reindeer,The Reindeer Section,"Indie,Rock,Pop",0
35993,35993,3845,755,Temple of the Dog [CD],Temple of the Dog,Pop,Son Of Evil Reindeer,The Reindeer Section,"Indie,Rock,Pop",0
35994,35994,3848,755,Come on Get Happy: Very Best of Partridge Family [Remastered] [CD],The Partridge Family,Pop,Son Of Evil Reindeer,The Reindeer Section,"Indie,Rock,Pop",0
36004,36004,3941,755,The Resistance: Rise of the Runaways [CD],Crown the Empire,Pop,Son Of Evil Reindeer,The Reindeer Section,"Indie,Rock,Pop",0
36021,36021,4052,755,The Age of Absurdity [CD],Phil Campbell & the Bastard Sons,Pop,Son Of Evil Reindeer,The Reindeer Section,"Indie,Rock,Pop",0
36022,36022,4060,755,Jump Back: The Best of the Rolling Stones (1971-1993) [CD],The Rolling Stones,Pop,Son Of Evil Reindeer,The Reindeer Section,"Indie,Rock,Pop",0
36033,36033,4157,755,The Best of KC and the Sunshine Band [CD],KC & the Sunshine Band,Pop,Son Of Evil Reindeer,The Reindeer Section,"Indie,Rock,Pop",0
36034,36034,4160,755,In Search of the Lost Chord [US 2008 Bonus Tracks] [CD],The Moody Blues,Pop,Son Of Evil Reindeer,The Reindeer Section,"Indie,Rock,Pop",0
36046,36046,4208,755,Elektra Years: 1978-1987 [Six-LP Set of Colored Vinyl] [LP] - VINYL,The Cars,Pop,Son Of Evil Reindeer,The Reindeer Section,"Indie,Rock,Pop",0
36047,36047,4209,755,Let It Rock: The Best of the Georgia Satellites [CD],The Georgia Satellites,Pop,Son Of Evil Reindeer,The Reindeer Section,"Indie,Rock,Pop",0
36063,36063,4279,755,20th Century Masters: The Millennium Collection: Best of the Moody Blues [CD],The Moody Blues,Pop,Son Of Evil Reindeer,The Reindeer Section,"Indie,Rock,Pop",0
36073,36073,1118,755,Evil Empire [CD] [PA],Rage Against the Machine,Pop,Son Of Evil Reindeer,The Reindeer Section,"Indie,Rock,Pop",0
36758,36758,221,759,Sounds of Summer: The Very Best of the Beach Boys [CD],The Beach Boys,Pop,Velocity of Sound,The Apples In Stereo,"Indie,Rock,Pop",0
36762,36762,241,759,The Punishment of Luxury [CD],Orchestral Manoeuvres in the Dark,Pop,Velocity of Sound,The Apples In Stereo,"Indie,Rock,Pop",0
36768,36768,258,759,Time Flies: The Best of Huey Lewis & the News [CD],Huey Lewis & the News,Pop,Velocity of Sound,The Apples In Stereo,"Indie,Rock,Pop",0
36769,36769,268,759,Playlist: The Very Best of the Guess Who [CD],The Guess Who,Pop,Velocity of Sound,The Apples In Stereo,"Indie,Rock,Pop",0
36778,36778,326,759,Best of the Mamas & the Papas: 20th Century Masters [CD],The Mamas & the Papas,Pop,Velocity of Sound,The Apples In Stereo,"Indie,Rock,Pop",0
36782,36782,343,759,The Very Best of the Rolling Stones 1964-1971 [CD],The Rolling Stones,Pop,Velocity of Sound,The Apples In Stereo,"Indie,Rock,Pop",0
36797,36797,429,759,The Battle of Los Angeles [CD] [PA],Rage Against the Machine,Pop,Velocity of Sound,The Apples In Stereo,"Indie,Rock,Pop",0
36829,36829,600,759,Death of a Bachelor [LP] - VINYL,Panic! At the Disco,Pop,Velocity of Sound,The Apples In Stereo,"Indie,Rock,Pop",0
36849,36849,710,759,Moving in Stereo: The Best of the Cars [LP] - VINYL,The Cars,Pop,Velocity of Sound,The Apples In Stereo,"Indie,Rock,Pop",0
36899,36899,1037,759,"Rise of the Blood Legion: Greatest Hits, Chapter 1 [CD & DVD]",In This Moment,Pop,Velocity of Sound,The Apples In Stereo,"Indie,Rock,Pop",0
36931,36931,1305,759,Best of the Knack [CD],The Knack,Pop,Velocity of Sound,The Apples In Stereo,"Indie,Rock,Pop",0
36943,36943,1380,759,Moving in Stereo: The Best of the Cars [CD],The Cars,Pop,Velocity of Sound,The Apples In Stereo,"Indie,Rock,Pop",0
36960,36960,1546,759,Days of Future Passed: Live [CD],The Moody Blues,Pop,Velocity of Sound,The Apples In Stereo,"Indie,Rock,Pop",0
36961,36961,1548,759,20th Century Masters - The Millennium Collection: The Best of the Grass Roots [CD],The Grass Roots,Pop,Velocity of Sound,The Apples In Stereo,"Indie,Rock,Pop",0
36981,36981,1675,759,Big Innings: The Best of the Outfield [CD],The Outfield,Pop,Velocity of Sound,The Apples In Stereo,"Indie,Rock,Pop",0
36982,36982,1676,759,The Very Best of the Rascals [Rhino] [CD],The Rascals,Pop,Velocity of Sound,The Apples In Stereo,"Indie,Rock,Pop",0
36995,36995,1720,759,Best of OMD [UK Bonus Tracks] [CD],Orchestral Manoeuvres in the Dark,Pop,Velocity of Sound,The Apples In Stereo,"Indie,Rock,Pop",0
36996,36996,1722,759,The Very Best of Tommy James & the Shondells [CD],Tommy James & the Shondells,Pop,Velocity of Sound,The Apples In Stereo,"Indie,Rock,Pop",0
36997,36997,1738,759,The Very Best of the Doors [2007 2-CD] [CD],The Doors,Pop,Velocity of Sound,The Apples In Stereo,"Indie,Rock,Pop",0
37011,37011,1877,759,Days of Future Passed [LP] - VINYL,The Moody Blues,Pop,Velocity of Sound,The Apples In Stereo,"Indie,Rock,Pop",0
37012,37012,1880,759,96 Tears: The Very Best of Question Mark & the Mysterians [CD],? & the Mysterians,Pop,Velocity of Sound,The Apples In Stereo,"Indie,Rock,Pop",0
37025,37025,1951,759,The  Disfigurement of Existence [CD],Signs of the Swarm,Pop,Velocity of Sound,The Apples In Stereo,"Indie,Rock,Pop",0
37031,37031,2013,759,Death of a Bachelor [CD],Panic! At the Disco,Pop,Velocity of Sound,The Apples In Stereo,"Indie,Rock,Pop",0
37071,37071,2356,759,Through the Years: The Best of the Fray [CD],The Fray,Pop,Velocity of Sound,The Apples In Stereo,"Indie,Rock,Pop",0
37101,37101,2575,759,The Very Best of Jay & the Americans [CD],Jay & the Americans,Pop,Velocity of Sound,The Apples In Stereo,"Indie,Rock,Pop",0
37139,37139,2837,759,The Very Best of the Righteous Brothers: Unchained Melody [CD],The Righteous Brothers,Pop,Velocity of Sound,The Apples In Stereo,"Indie,Rock,Pop",0
37150,37150,2936,759,The Very Best of Adam & the Ants: Stand & Deliver [CD],Adam and the Ants,Pop,Velocity of Sound,The Apples In Stereo,"Indie,Rock,Pop",0
37191,37191,3286,759,City of Sound [CD],The Revivalists,Pop,Velocity of Sound,The Apples In Stereo,"Indie,Rock,Pop",0
37204,37204,3363,759,The Punishment of Luxury: B Sides & Bonus Material [CD],Orchestral Manoeuvres in the Dark,Pop,Velocity of Sound,The Apples In Stereo,"Indie,Rock,Pop",0
37213,37213,3430,759,Playlist: The Very Best of the Turtles [CD],The Turtles,Pop,Velocity of Sound,The Apples In Stereo,"Indie,Rock,Pop",0
37226,37226,3530,759,The Punishment of Luxury [CD & DVD],Orchestral Manoeuvres in the Dark,Pop,Velocity of Sound,The Apples In Stereo,"Indie,Rock,Pop",0
37245,37245,3674,759,The Very Best of Frankie Valli & the Four Seasons [Rhino 2002] [CD],Frankie Valli & the Four Seasons,Pop,Velocity of Sound,The Apples In Stereo,"Indie,Rock,Pop",0
37271,37271,3835,759,Jar of Flies [LP] - VINYL,Alice in Chains,Pop,Velocity of Sound,The Apples In Stereo,"Indie,Rock,Pop",0
37273,37273,3845,759,Temple of the Dog [CD],Temple of the Dog,Pop,Velocity of Sound,The Apples In Stereo,"Indie,Rock,Pop",0
37274,37274,3848,759,Come on Get Happy: Very Best of Partridge Family [Remastered] [CD],The Partridge Family,Pop,Velocity of Sound,The Apples In Stereo,"Indie,Rock,Pop",0
37284,37284,3941,759,The Resistance: Rise of the Runaways [CD],Crown the Empire,Pop,Velocity of Sound,The Apples In Stereo,"Indie,Rock,Pop",0
37301,37301,4052,759,The Age of Absurdity [CD],Phil Campbell & the Bastard Sons,Pop,Velocity of Sound,The Apples In Stereo,"Indie,Rock,Pop",0
37302,37302,4060,759,Jump Back: The Best of the Rolling Stones (1971-1993) [CD],The Rolling Stones,Pop,Velocity of Sound,The Apples In Stereo,"Indie,Rock,Pop",0
37313,37313,4157,759,The Best of KC and the Sunshine Band [CD],KC & the Sunshine Band,Pop,Velocity of Sound,The Apples In Stereo,"Indie,Rock,Pop",0
37314,37314,4160,759,In Search of the Lost Chord [US 2008 Bonus Tracks] [CD],The Moody Blues,Pop,Velocity of Sound,The Apples In Stereo,"Indie,Rock,Pop",0
37326,37326,4208,759,Elektra Years: 1978-1987 [Six-LP Set of Colored Vinyl] [LP] - VINYL,The Cars,Pop,Velocity of Sound,The Apples In Stereo,"Indie,Rock,Pop",0
37327,37327,4209,759,Let It Rock: The Best of the Georgia Satellites [CD],The Georgia Satellites,Pop,Velocity of Sound,The Apples In Stereo,"Indie,Rock,Pop",0
37343,37343,4279,759,20th Century Masters: The Millennium Collection: Best of the Moody Blues [CD],The Moody Blues,Pop,Velocity of Sound,The Apples In Stereo,"Indie,Rock,Pop",0
37416,37416,1791,763,X [CD],Def Leppard,Pop,X,Def Leppard,"Rock,Pop",1
37536,37536,1084,766,Justified [LP] - VINYL,Justin Timberlake,Pop,Justified,Justin Timberlake,Pop,1
37537,37537,2485,766,Justified [CD],Justin Timberlake,Pop,Justified,Justin Timberlake,Pop,1
37689,37689,1201,778,Dirty Heads [CD],Dirty Heads,Pop,Dirty Vegas,Dirty Vegas,"Pop,Electronic",0
37727,37727,3245,782,Day & Age [LP] - VINYL,The Killers,Pop,Age Of The Sun,The Sunshine Fix,"Indie,Rock,Pop",0
37730,37730,4052,782,The Age of Absurdity [CD],Phil Campbell & the Bastard Sons,Pop,Age Of The Sun,The Sunshine Fix,"Indie,Rock,Pop",0
37769,37769,221,782,Sounds of Summer: The Very Best of the Beach Boys [CD],The Beach Boys,Pop,Age Of The Sun,The Sunshine Fix,"Indie,Rock,Pop",0
37773,37773,241,782,The Punishment of Luxury [CD],Orchestral Manoeuvres in the Dark,Pop,Age Of The Sun,The Sunshine Fix,"Indie,Rock,Pop",0
37779,37779,258,782,Time Flies: The Best of Huey Lewis & the News [CD],Huey Lewis & the News,Pop,Age Of The Sun,The Sunshine Fix,"Indie,Rock,Pop",0
37780,37780,268,782,Playlist: The Very Best of the Guess Who [CD],The Guess Who,Pop,Age Of The Sun,The Sunshine Fix,"Indie,Rock,Pop",0
37789,37789,326,782,Best of the Mamas & the Papas: 20th Century Masters [CD],The Mamas & the Papas,Pop,Age Of The Sun,The Sunshine Fix,"Indie,Rock,Pop",0
37793,37793,343,782,The Very Best of the Rolling Stones 1964-1971 [CD],The Rolling Stones,Pop,Age Of The Sun,The Sunshine Fix,"Indie,Rock,Pop",0
37807,37807,429,782,The Battle of Los Angeles [CD] [PA],Rage Against the Machine,Pop,Age Of The Sun,The Sunshine Fix,"Indie,Rock,Pop",0
37839,37839,600,782,Death of a Bachelor [LP] - VINYL,Panic! At the Disco,Pop,Age Of The Sun,The Sunshine Fix,"Indie,Rock,Pop",0
37859,37859,710,782,Moving in Stereo: The Best of the Cars [LP] - VINYL,The Cars,Pop,Age Of The Sun,The Sunshine Fix,"Indie,Rock,Pop",0
37941,37941,1305,782,Best of the Knack [CD],The Knack,Pop,Age Of The Sun,The Sunshine Fix,"Indie,Rock,Pop",0
37953,37953,1380,782,Moving in Stereo: The Best of the Cars [CD],The Cars,Pop,Age Of The Sun,The Sunshine Fix,"Indie,Rock,Pop",0
37970,37970,1546,782,Days of Future Passed: Live [CD],The Moody Blues,Pop,Age Of The Sun,The Sunshine Fix,"Indie,Rock,Pop",0
37971,37971,1548,782,20th Century Masters - The Millennium Collection: The Best of the Grass Roots [CD],The Grass Roots,Pop,Age Of The Sun,The Sunshine Fix,"Indie,Rock,Pop",0
37990,37990,1675,782,Big Innings: The Best of the Outfield [CD],The Outfield,Pop,Age Of The Sun,The Sunshine Fix,"Indie,Rock,Pop",0
37991,37991,1676,782,The Very Best of the Rascals [Rhino] [CD],The Rascals,Pop,Age Of The Sun,The Sunshine Fix,"Indie,Rock,Pop",0
38003,38003,1720,782,Best of OMD [UK Bonus Tracks] [CD],Orchestral Manoeuvres in the Dark,Pop,Age Of The Sun,The Sunshine Fix,"Indie,Rock,Pop",0
38004,38004,1722,782,The Very Best of Tommy James & the Shondells [CD],Tommy James & the Shondells,Pop,Age Of The Sun,The Sunshine Fix,"Indie,Rock,Pop",0
38005,38005,1738,782,The Very Best of the Doors [2007 2-CD] [CD],The Doors,Pop,Age Of The Sun,The Sunshine Fix,"Indie,Rock,Pop",0
38019,38019,1877,782,Days of Future Passed [LP] - VINYL,The Moody Blues,Pop,Age Of The Sun,The Sunshine Fix,"Indie,Rock,Pop",0
38020,38020,1880,782,96 Tears: The Very Best of Question Mark & the Mysterians [CD],? & the Mysterians,Pop,Age Of The Sun,The Sunshine Fix,"Indie,Rock,Pop",0
38031,38031,1951,782,The  Disfigurement of Existence [CD],Signs of the Swarm,Pop,Age Of The Sun,The Sunshine Fix,"Indie,Rock,Pop",0
38037,38037,2013,782,Death of a Bachelor [CD],Panic! At the Disco,Pop,Age Of The Sun,The Sunshine Fix,"Indie,Rock,Pop",0
38076,38076,2356,782,Through the Years: The Best of the Fray [CD],The Fray,Pop,Age Of The Sun,The Sunshine Fix,"Indie,Rock,Pop",0
38106,38106,2575,782,The Very Best of Jay & the Americans [CD],Jay & the Americans,Pop,Age Of The Sun,The Sunshine Fix,"Indie,Rock,Pop",0
38143,38143,2837,782,The Very Best of the Righteous Brothers: Unchained Melody [CD],The Righteous Brothers,Pop,Age Of The Sun,The Sunshine Fix,"Indie,Rock,Pop",0
38154,38154,2936,782,The Very Best of Adam & the Ants: Stand & Deliver [CD],Adam and the Ants,Pop,Age Of The Sun,The Sunshine Fix,"Indie,Rock,Pop",0
38195,38195,3286,782,City of Sound [CD],The Revivalists,Pop,Age Of The Sun,The Sunshine Fix,"Indie,Rock,Pop",0
38208,38208,3363,782,The Punishment of Luxury: B Sides & Bonus Material [CD],Orchestral Manoeuvres in the Dark,Pop,Age Of The Sun,The Sunshine Fix,"Indie,Rock,Pop",0
38217,38217,3430,782,Playlist: The Very Best of the Turtles [CD],The Turtles,Pop,Age Of The Sun,The Sunshine Fix,"Indie,Rock,Pop",0
38230,38230,3530,782,The Punishment of Luxury [CD & DVD],Orchestral Manoeuvres in the Dark,Pop,Age Of The Sun,The Sunshine Fix,"Indie,Rock,Pop",0
38249,38249,3674,782,The Very Best of Frankie Valli & the Four Seasons [Rhino 2002] [CD],Frankie Valli & the Four Seasons,Pop,Age Of The Sun,The Sunshine Fix,"Indie,Rock,Pop",0
38277,38277,3845,782,Temple of the Dog [CD],Temple of the Dog,Pop,Age Of The Sun,The Sunshine Fix,"Indie,Rock,Pop",0
38278,38278,3848,782,Come on Get Happy: Very Best of Partridge Family [Remastered] [CD],The Partridge Family,Pop,Age Of The Sun,The Sunshine Fix,"Indie,Rock,Pop",0
38288,38288,3941,782,The Resistance: Rise of the Runaways [CD],Crown the Empire,Pop,Age Of The Sun,The Sunshine Fix,"Indie,Rock,Pop",0
38305,38305,4060,782,Jump Back: The Best of the Rolling Stones (1971-1993) [CD],The Rolling Stones,Pop,Age Of The Sun,The Sunshine Fix,"Indie,Rock,Pop",0
38316,38316,4157,782,The Best of KC and the Sunshine Band [CD],KC & the Sunshine Band,Pop,Age Of The Sun,The Sunshine Fix,"Indie,Rock,Pop",0
38317,38317,4160,782,In Search of the Lost Chord [US 2008 Bonus Tracks] [CD],The Moody Blues,Pop,Age Of The Sun,The Sunshine Fix,"Indie,Rock,Pop",0
38329,38329,4208,782,Elektra Years: 1978-1987 [Six-LP Set of Colored Vinyl] [LP] - VINYL,The Cars,Pop,Age Of The Sun,The Sunshine Fix,"Indie,Rock,Pop",0
38330,38330,4209,782,Let It Rock: The Best of the Georgia Satellites [CD],The Georgia Satellites,Pop,Age Of The Sun,The Sunshine Fix,"Indie,Rock,Pop",0
38346,38346,4279,782,20th Century Masters: The Millennium Collection: Best of the Moody Blues [CD],The Moody Blues,Pop,Age Of The Sun,The Sunshine Fix,"Indie,Rock,Pop",0
38369,38369,4191,782,Waiting for the Sun [CD],The Doors,Pop,Age Of The Sun,The Sunshine Fix,"Indie,Rock,Pop",0
38370,38370,4211,782,Sweet Summer Sun: Hyde Park Live [Blu-Ray] [Blu-Ray Disc],The Rolling Stones,Pop,Age Of The Sun,The Sunshine Fix,"Indie,Rock,Pop",0
38425,38425,4160,785,In Search of the Lost Chord [US 2008 Bonus Tracks] [CD],The Moody Blues,Pop,Lost in Revelry,The Mendoza Line,"Indie,Rock,Pop",0
38441,38441,1909,787,Until You Find Your Green [LP] - VINYL,The Baird Sisters,Pop,Your Majesty,The Anniversary,"Indie,Rock,Pop",0
38451,38451,3238,787,If You Can Believe Your Eyes and Ears [CD],The Mamas & the Papas,Pop,Your Majesty,The Anniversary,"Indie,Rock,Pop",0
38452,38452,3348,787,If You Can Believe Your Eyes and Ears [CD],The Mamas & the Papas,Pop,Your Majesty,The Anniversary,"Indie,Rock,Pop",0
38664,38664,221,803,Sounds of Summer: The Very Best of the Beach Boys [CD],The Beach Boys,Pop,The Beginning Stages Of...,The Polyphonic Spree,"Indie,Rock,Pop",0
38668,38668,241,803,The Punishment of Luxury [CD],Orchestral Manoeuvres in the Dark,Pop,The Beginning Stages Of...,The Polyphonic Spree,"Indie,Rock,Pop",0
38674,38674,258,803,Time Flies: The Best of Huey Lewis & the News [CD],Huey Lewis & the News,Pop,The Beginning Stages Of...,The Polyphonic Spree,"Indie,Rock,Pop",0
38675,38675,268,803,Playlist: The Very Best of the Guess Who [CD],The Guess Who,Pop,The Beginning Stages Of...,The Polyphonic Spree,"Indie,Rock,Pop",0
38684,38684,326,803,Best of the Mamas & the Papas: 20th Century Masters [CD],The Mamas & the Papas,Pop,The Beginning Stages Of...,The Polyphonic Spree,"Indie,Rock,Pop",0
38688,38688,343,803,The Very Best of the Rolling Stones 1964-1971 [CD],The Rolling Stones,Pop,The Beginning Stages Of...,The Polyphonic Spree,"Indie,Rock,Pop",0
38703,38703,429,803,The Battle of Los Angeles [CD] [PA],Rage Against the Machine,Pop,The Beginning Stages Of...,The Polyphonic Spree,"Indie,Rock,Pop",0
38735,38735,600,803,Death of a Bachelor [LP] - VINYL,Panic! At the Disco,Pop,The Beginning Stages Of...,The Polyphonic Spree,"Indie,Rock,Pop",0
38755,38755,710,803,Moving in Stereo: The Best of the Cars [LP] - VINYL,The Cars,Pop,The Beginning Stages Of...,The Polyphonic Spree,"Indie,Rock,Pop",0
38838,38838,1305,803,Best of the Knack [CD],The Knack,Pop,The Beginning Stages Of...,The Polyphonic Spree,"Indie,Rock,Pop",0
38850,38850,1380,803,Moving in Stereo: The Best of the Cars [CD],The Cars,Pop,The Beginning Stages Of...,The Polyphonic Spree,"Indie,Rock,Pop",0
38867,38867,1546,803,Days of Future Passed: Live [CD],The Moody Blues,Pop,The Beginning Stages Of...,The Polyphonic Spree,"Indie,Rock,Pop",0
38868,38868,1548,803,20th Century Masters - The Millennium Collection: The Best of the Grass Roots [CD],The Grass Roots,Pop,The Beginning Stages Of...,The Polyphonic Spree,"Indie,Rock,Pop",0
38888,38888,1675,803,Big Innings: The Best of the Outfield [CD],The Outfield,Pop,The Beginning Stages Of...,The Polyphonic Spree,"Indie,Rock,Pop",0
38889,38889,1676,803,The Very Best of the Rascals [Rhino] [CD],The Rascals,Pop,The Beginning Stages Of...,The Polyphonic Spree,"Indie,Rock,Pop",0
38902,38902,1720,803,Best of OMD [UK Bonus Tracks] [CD],Orchestral Manoeuvres in the Dark,Pop,The Beginning Stages Of...,The Polyphonic Spree,"Indie,Rock,Pop",0
38903,38903,1722,803,The Very Best of Tommy James & the Shondells [CD],Tommy James & the Shondells,Pop,The Beginning Stages Of...,The Polyphonic Spree,"Indie,Rock,Pop",0
38904,38904,1738,803,The Very Best of the Doors [2007 2-CD] [CD],The Doors,Pop,The Beginning Stages Of...,The Polyphonic Spree,"Indie,Rock,Pop",0
38918,38918,1877,803,Days of Future Passed [LP] - VINYL,The Moody Blues,Pop,The Beginning Stages Of...,The Polyphonic Spree,"Indie,Rock,Pop",0
38919,38919,1880,803,96 Tears: The Very Best of Question Mark & the Mysterians [CD],? & the Mysterians,Pop,The Beginning Stages Of...,The Polyphonic Spree,"Indie,Rock,Pop",0
38932,38932,1951,803,The  Disfigurement of Existence [CD],Signs of the Swarm,Pop,The Beginning Stages Of...,The Polyphonic Spree,"Indie,Rock,Pop",0
38938,38938,2013,803,Death of a Bachelor [CD],Panic! At the Disco,Pop,The Beginning Stages Of...,The Polyphonic Spree,"Indie,Rock,Pop",0
38978,38978,2356,803,Through the Years: The Best of the Fray [CD],The Fray,Pop,The Beginning Stages Of...,The Polyphonic Spree,"Indie,Rock,Pop",0
39008,39008,2575,803,The Very Best of Jay & the Americans [CD],Jay & the Americans,Pop,The Beginning Stages Of...,The Polyphonic Spree,"Indie,Rock,Pop",0
39046,39046,2837,803,The Very Best of the Righteous Brothers: Unchained Melody [CD],The Righteous Brothers,Pop,The Beginning Stages Of...,The Polyphonic Spree,"Indie,Rock,Pop",0
39057,39057,2936,803,The Very Best of Adam & the Ants: Stand & Deliver [CD],Adam and the Ants,Pop,The Beginning Stages Of...,The Polyphonic Spree,"Indie,Rock,Pop",0
39098,39098,3286,803,City of Sound [CD],The Revivalists,Pop,The Beginning Stages Of...,The Polyphonic Spree,"Indie,Rock,Pop",0
39111,39111,3363,803,The Punishment of Luxury: B Sides & Bonus Material [CD],Orchestral Manoeuvres in the Dark,Pop,The Beginning Stages Of...,The Polyphonic Spree,"Indie,Rock,Pop",0
39120,39120,3430,803,Playlist: The Very Best of the Turtles [CD],The Turtles,Pop,The Beginning Stages Of...,The Polyphonic Spree,"Indie,Rock,Pop",0
39133,39133,3530,803,The Punishment of Luxury [CD & DVD],Orchestral Manoeuvres in the Dark,Pop,The Beginning Stages Of...,The Polyphonic Spree,"Indie,Rock,Pop",0
39152,39152,3674,803,The Very Best of Frankie Valli & the Four Seasons [Rhino 2002] [CD],Frankie Valli & the Four Seasons,Pop,The Beginning Stages Of...,The Polyphonic Spree,"Indie,Rock,Pop",0
39180,39180,3845,803,Temple of the Dog [CD],Temple of the Dog,Pop,The Beginning Stages Of...,The Polyphonic Spree,"Indie,Rock,Pop",0
39181,39181,3848,803,Come on Get Happy: Very Best of Partridge Family [Remastered] [CD],The Partridge Family,Pop,The Beginning Stages Of...,The Polyphonic Spree,"Indie,Rock,Pop",0
39191,39191,3941,803,The Resistance: Rise of the Runaways [CD],Crown the Empire,Pop,The Beginning Stages Of...,The Polyphonic Spree,"Indie,Rock,Pop",0
39208,39208,4052,803,The Age of Absurdity [CD],Phil Campbell & the Bastard Sons,Pop,The Beginning Stages Of...,The Polyphonic Spree,"Indie,Rock,Pop",0
39209,39209,4060,803,Jump Back: The Best of the Rolling Stones (1971-1993) [CD],The Rolling Stones,Pop,The Beginning Stages Of...,The Polyphonic Spree,"Indie,Rock,Pop",0
39220,39220,4157,803,The Best of KC and the Sunshine Band [CD],KC & the Sunshine Band,Pop,The Beginning Stages Of...,The Polyphonic Spree,"Indie,Rock,Pop",0
39221,39221,4160,803,In Search of the Lost Chord [US 2008 Bonus Tracks] [CD],The Moody Blues,Pop,The Beginning Stages Of...,The Polyphonic Spree,"Indie,Rock,Pop",0
39233,39233,4208,803,Elektra Years: 1978-1987 [Six-LP Set of Colored Vinyl] [LP] - VINYL,The Cars,Pop,The Beginning Stages Of...,The Polyphonic Spree,"Indie,Rock,Pop",0
39234,39234,4209,803,Let It Rock: The Best of the Georgia Satellites [CD],The Georgia Satellites,Pop,The Beginning Stages Of...,The Polyphonic Spree,"Indie,Rock,Pop",0
39250,39250,4279,803,20th Century Masters: The Millennium Collection: Best of the Moody Blues [CD],The Moody Blues,Pop,The Beginning Stages Of...,The Polyphonic Spree,"Indie,Rock,Pop",0
39428,39428,2568,810,Britney [Enhanced CD],Britney Spears,Pop,Britney,Britney Spears,Pop,1
41928,41928,97,852,A Day Without Rain [LP] - VINYL,Enya,New Age,A Day Without Rain,Enya,"Pop,New Age",1
41929,41929,111,852,A Day Without Rain [CD],Enya,New Age,A Day Without Rain,Enya,"Pop,New Age",1
42066,42066,726,862,"Old Scars, New Wounds [CD]",Act of Defiance,Pop,Quiet Is The New Loud,Kings Of Convenience,"Indie,Rock,Pop",0
130247,130247,1641,2153,The Very Best of the Everly Brothers [Rhino] [CD],The Everly Brothers,Country,The Felice Brothers,The Felice Brothers,"Rock,Country",0
145392,145392,3511,2413,Playlist: The Very Best of Ace of Base [CD],Ace of Base,Electronic/Dance,And Their Refinement Of The Decline,Stars Of The Lid,"Rock,Electronic",0
233968,233968,3050,3799,Give Up [LP] - VINYL,The Postal Service,Electronic/Dance,Give Up,The Postal Service,"Indie,Rock,Electronic",1
235984,235984,1767,3806,Music @ Work [CD],The Tragically Hip,Pop,The Music,The Music,"Indie,Rock,Britpop",0
240467,240467,518,3898,A Head Full of Dreams [CD],Coldplay,Pop,A Rush Of Blood To The Head,Coldplay,"Rock,Alternative,Britpop",0
240582,240582,1244,3898,A Rush of Blood to the Head [CD],Coldplay,Pop,A Rush Of Blood To The Head,Coldplay,"Rock,Alternative,Britpop",1
240902,240902,3682,3898,A Rush of Blood to the Head [LP] - VINYL,Coldplay,Pop,A Rush Of Blood To The Head,Coldplay,"Rock,Alternative,Britpop",1
240931,240931,3863,3898,Head Full of Dreams [LP] - VINYL,Coldplay,Pop,A Rush Of Blood To The Head,Coldplay,"Rock,Alternative,Britpop",0
267114,267114,3586,4319,I Am Shelby Lynne [CD],Shelby Lynne,Country,I Am Shelby Lynne,Shelby Lynne,"Rock,Country",1